,email,link
0,,
0,loo@shell.com,https://www.shell.com.sg/media/2013-media-releases/shell-boosts-production-for-chemical-customers-in-asia.html
1,loo@shell.com,https://www.shell.com.sg/media/2013-media-releases/shell-boosts-production-for-chemical-customers-in-asia.html
2,lopez@shell.com,https://www.shell.com.sg/media/2013-media-releases/shell-boosts-production-for-chemical-customers-in-asia.html
3,lopez@shell.com,https://www.shell.com.sg/media/2013-media-releases/shell-boosts-production-for-chemical-customers-in-asia.html
4,oh@shell.com,https://www.shell.com.sg/media/2013-media-releases/shell-boosts-production-for-chemical-customers-in-asia.html
5,oh@shell.com,https://www.shell.com.sg/media/2013-media-releases/shell-boosts-production-for-chemical-customers-in-asia.html
0,loo@shell.com,https://www.shell.com.sg/media/2013-media-releases/singapore-petrochemicals-new-investment.html
1,loo@shell.com,https://www.shell.com.sg/media/2013-media-releases/singapore-petrochemicals-new-investment.html
2,oh@shell.com,https://www.shell.com.sg/media/2013-media-releases/singapore-petrochemicals-new-investment.html
3,oh@shell.com,https://www.shell.com.sg/media/2013-media-releases/singapore-petrochemicals-new-investment.html
0,meyer@shell.com,https://www.shell.com.sg/media/2015-media-releases/shell-lifts-petrochemicals-production.html
1,meyer@shell.com,https://www.shell.com.sg/media/2015-media-releases/shell-lifts-petrochemicals-production.html
2,meyer@shell.com,https://www.shell.com.sg/media/2015-media-releases/shell-lifts-petrochemicals-production.html
3,leow@shell.com,https://www.shell.com.sg/media/2015-media-releases/shell-lifts-petrochemicals-production.html
4,leow@shell.com,https://www.shell.com.sg/media/2015-media-releases/shell-lifts-petrochemicals-production.html
0,enquiries@ipi.org.sg,https://www.aspri.com.sg/news/industry-news
1,enquiry@enterprisesg.gov.sg,https://www.aspri.com.sg/news/industry-news
0,covid_gobusiness@mti.gov.sg,https://www.aspri.com.sg/sgworkpass-accesscode-status
1,covid_gobusiness@mti.gov.sg,https://www.aspri.com.sg/sgworkpass-accesscode-status
2,mom_dormexit_ops@mom.gov.sg,https://www.aspri.com.sg/sgworkpass-accesscode-status
3,mom_dormexit_ops@mom.gov.sg,https://www.aspri.com.sg/sgworkpass-accesscode-status
4,covid_gobusiness@mti.gov.sg,https://www.aspri.com.sg/sgworkpass-accesscode-status
5,covid_gobusiness@mti.gov.sg,https://www.aspri.com.sg/sgworkpass-accesscode-status
0,mom_qops@mom.gov.sg,https://www.aspri.com.sg/news/news-recap
0,enquiries@ipi.org.sg,https://www.aspri.com.sg/free-e-courses-by-aspri-ipi
1,enquiries@ipi.org.sg,https://www.aspri.com.sg/free-e-courses-by-aspri-ipi
0,enquiries@ipi.org.sg,https://www.aspri.com.sg/news/detail/announcement-of-changes-to-process-enhanced-r1-criteria
1,enquiries@ipi.org.sg,https://www.aspri.com.sg/news/detail/announcement-of-changes-to-process-enhanced-r1-criteria
0,membership@aspri.com.sg,https://www.aspri.com.sg/membership-privileges
1,membership@aspri.com.sg,https://www.aspri.com.sg/membership-privileges
0,aspri@xample.com,https://www.aspri.com.sg/login?returnUrl=aspri-agm-2020
0,aspri@xample.com,https://www.aspri.com.sg/login?returnUrl=productivity-improvement-workshop-2016
0,aspri@xample.com,https://www.aspri.com.sg/login?returnUrl=productivity-improvement-forum-2018
0,aspri@xample.com,https://www.aspri.com.sg/login?returnUrl=productivity-improvement-forum-2017
0,info@giboil.com,https://www.shell.com/about-us/contact-us/contact-gibraltar.html
1,info@giboil.com,https://www.shell.com/about-us/contact-us/contact-gibraltar.html
0,mona@aspri.com.sg,https://www.aspri.com.sg/job-placement-programme-jpp
0,shell@jungent.eu,https://www.shell.com/about-us/contact-us/contact-estonia.html
1,shell@jungent.eu,https://www.shell.com/about-us/contact-us/contact-estonia.html
0,mercadotecnia@pochteca.com.mx,https://www.shell.com/about-us/contact-us/contact-elsalvador.html
1,mercadotecnia@pochteca.com.mx,https://www.shell.com/about-us/contact-us/contact-elsalvador.html
0,shell@shell.com,https://www.shell.com.sg/sustainability/safety/flaring-for-safety.html
1,shell@shell.com,https://www.shell.com.sg/sustainability/safety/flaring-for-safety.html
0,dpo@shell.com,https://www.shell.com.sg/business-customers/shell-fuel-card/your-shell-card-privacy-statement.html
1,dpo@shell.com,https://www.shell.com.sg/business-customers/shell-fuel-card/your-shell-card-privacy-statement.html
0,ng_meng_li@edb.gov.sg,https://www.edb.gov.sg/en/other-pages/terms.html
1,ng_meng_li@edb.gov.sg,https://www.edb.gov.sg/en/other-pages/terms.html
0,edbwhistleblower@kpmg.com.sg,https://www.edb.gov.sg/en/other-pages/whistleblowing.html
1,edbwhistleblower@kpmg.com.sg,https://www.edb.gov.sg/en/other-pages/whistleblowing.html
0,samuel_chan@edb.gov.sg,https://www.edb.gov.sg/en/other-pages/procurement.html
1,cindy_koh@edb.gov.sg,https://www.edb.gov.sg/en/other-pages/procurement.html
0,ramakrishnanthiru@woodplc.com,https://www.sgprocessindustries.com/companies/wood-singapore
1,ramakrishnanthiru@woodplc.com,https://www.sgprocessindustries.com/companies/wood-singapore
2,bizinfo@sg.marshallcavendish.com,https://www.sgprocessindustries.com/companies/wood-singapore
0,bizinfo@sg.marshallcavendish.com,https://www.sgprocessindustries.com/trade-events
1,bizinfo@sg.marshallcavendish.com,https://www.sgprocessindustries.com/trade-events
0,bizinfo@sg.marshallcavendish.com,https://www.sgprocessindustries.com/articles/industry-articles
0,bizinfo@sg.marshallcavendish.com,https://www.sgprocessindustries.com/articles/messages
0,bizinfo@sg.marshallcavendish.com,https://www.sgprocessindustries.com/
0,bizinfo@sg.marshallcavendish.com,https://www.sgprocessindustries.com/about-us
0,bizmktg@sg.marshallcavendish.com,https://www.sgprocessindustries.com/contact-us
1,bizinfo@my.marshallcavendish.com,https://www.sgprocessindustries.com/contact-us
2,bizinfo@hk.marshallcavendish.com,https://www.sgprocessindustries.com/contact-us
3,info@greenworldmedia.co.th,https://www.sgprocessindustries.com/contact-us
4,bizinfo@sg.marshallcavendish.com,https://www.sgprocessindustries.com/contact-us
5,bizinfo@sg.marshallcavendish.com,https://www.sgprocessindustries.com/contact-us
6,bizinfo@my.marshallcavendish.com,https://www.sgprocessindustries.com/contact-us
7,bizinfo@my.marshallcavendish.com,https://www.sgprocessindustries.com/contact-us
8,bizinfo@hk.marshallcavendish.com,https://www.sgprocessindustries.com/contact-us
9,bizinfo@hk.marshallcavendish.com,https://www.sgprocessindustries.com/contact-us
10,info@greenworldmedia.co.th,https://www.sgprocessindustries.com/contact-us
11,info@greenworldmedia.co.th,https://www.sgprocessindustries.com/contact-us
12,bizinfo@sg.marshallcavendish.com,https://www.sgprocessindustries.com/contact-us
0,bizinfo@sg.marshallcavendish.com,https://www.sgprocessindustries.com/add-your-company
0,bizinfo@sg.marshallcavendish.com,https://www.sgprocessindustries.com/about-the-directory
0,bizinfo@sg.marshallcavendish.com,https://www.sgprocessindustries.com/categories/supporting-industries
0,bizinfo@sg.marshallcavendish.com,https://www.sgprocessindustries.com/categories/plant-maintenance
0,bizinfo@sg.marshallcavendish.com,https://www.sgprocessindustries.com/categories/manufacturing-plants
0,bizinfo@sg.marshallcavendish.com,https://www.sgprocessindustries.com/company-listings
0,bizinfo@sg.marshallcavendish.com,https://www.sgprocessindustries.com/articles/aspri
0,contact@mgcs.com.sg,http://www.mgcs.com.sg/contact
1,contact@mgcs.com.sg,http://www.mgcs.com.sg/contact
0,bizinfo@sg.marshallcavendish.com,https://www.timesdirectories.com/
0,sg@shell.com,https://www.shell.com.sg/business-customers/shell-fuel-card/shell-fuel-card-contacts.html
1,sg@shell.com,https://www.shell.com.sg/business-customers/shell-fuel-card/shell-fuel-card-contacts.html
2,sg@shell.com,https://www.shell.com.sg/business-customers/shell-fuel-card/shell-fuel-card-contacts.html
3,sg@shell.com,https://www.shell.com.sg/business-customers/shell-fuel-card/shell-fuel-card-contacts.html
0,sg@shell.com,https://www.shell.com.sg/about-us/contact-us.html
1,sg@shell.com,https://www.shell.com.sg/about-us/contact-us.html
2,loyalty@shell.com,https://www.shell.com.sg/about-us/contact-us.html
3,loyalty@shell.com,https://www.shell.com.sg/about-us/contact-us.html
4,sg@shell.com,https://www.shell.com.sg/about-us/contact-us.html
5,sg@shell.com,https://www.shell.com.sg/about-us/contact-us.html
6,sg@shell.com,https://www.shell.com.sg/about-us/contact-us.html
7,sg@shell.com,https://www.shell.com.sg/about-us/contact-us.html
8,sg@shell.com,https://www.shell.com.sg/about-us/contact-us.html
9,sg@shell.co,https://www.shell.com.sg/about-us/contact-us.html
10,sg@shell.com,https://www.shell.com.sg/about-us/contact-us.html
11,sg@shell.com,https://www.shell.com.sg/about-us/contact-us.html
12,sg@shell.com,https://www.shell.com.sg/about-us/contact-us.html
13,sg@shell.com,https://www.shell.com.sg/about-us/contact-us.html
14,sg@shell.com,https://www.shell.com.sg/about-us/contact-us.html
15,sg@shell.com,https://www.shell.com.sg/about-us/contact-us.html
16,sg@shell.com,https://www.shell.com.sg/about-us/contact-us.html
17,sg@shell.com,https://www.shell.com.sg/about-us/contact-us.html
18,sg@shell.com,https://www.shell.com.sg/about-us/contact-us.html
19,sg@shell.com,https://www.shell.com.sg/about-us/contact-us.html
20,sg@shell.com,https://www.shell.com.sg/about-us/contact-us.html
21,sg@shell.com,https://www.shell.com.sg/about-us/contact-us.html
22,sg@shell.com,https://www.shell.com.sg/about-us/contact-us.html
23,sg@shell.com,https://www.shell.com.sg/about-us/contact-us.html
24,sg@shell.com,https://www.shell.com.sg/about-us/contact-us.html
25,sg@shell.com,https://www.shell.com.sg/about-us/contact-us.html
26,sg@shell.com,https://www.shell.com.sg/about-us/contact-us.html
27,sg@shell.com,https://www.shell.com.sg/about-us/contact-us.html
28,sg@shell.com,https://www.shell.com.sg/about-us/contact-us.html
29,sg@shell.com,https://www.shell.com.sg/about-us/contact-us.html
0,shell@ftfarfan.com,https://www.shell.com/about-us/contact-us/contact-trinidad.html
1,shell@ftfarfan.com,https://www.shell.com/about-us/contact-us/contact-trinidad.html
0,salvarez@feduro.net,https://www.shell.com/about-us/contact-us/contact-panama.html
1,salvarez@feduro.net,https://www.shell.com/about-us/contact-us/contact-panama.html
0,aspri@xample.com,https://www.aspri.com.sg/login
0,selina@westlite.com.sg,https://www.aspri.com.sg/aspri-westlite-dormitory-papan
1,terence@westlite.com.sg,https://www.aspri.com.sg/aspri-westlite-dormitory-papan
0,informacija@jungent.eu,https://www.shell.com/about-us/contact-us/contact-lithuania.html
1,informacija@jungent.eu,https://www.shell.com/about-us/contact-us/contact-lithuania.html
0,us@spchemicals.com,https://www.spchemicals.com/enquiry/
1,us@spchemicals.com,https://www.spchemicals.com/enquiry/
0,us@spchemicals.com,https://www.spchemicals.com/our-locations/
1,us@spchemicals.com,https://www.spchemicals.com/our-locations/
0,chong@src.com.sg,https://www.sgprocessindustries.com/companies/singapore-refining-company-private-limited
1,chong@src.com.sg,https://www.sgprocessindustries.com/companies/singapore-refining-company-private-limited
2,bizinfo@sg.marshallcavendish.com,https://www.sgprocessindustries.com/companies/singapore-refining-company-private-limited
0,bizinfo@sg.marshallcavendish.com,https://www.sgprocessindustries.com/categories/petroleum-refining
0,bizinfo@sg.marshallcavendish.com,https://www.sgprocessindustries.com/categories/petroleum-related-activities
0,bizinfo@sg.marshallcavendish.com,https://www.sgprocessindustries.com/categories/petrochemical-intermediates
0,bizinfo@sg.marshallcavendish.com,https://www.sgprocessindustries.com/categories/petrochemicals-polymers
0,steminc@science.edu.sg,https://www.shell.com.sg/energy-and-innovation/make-the-future-singapore/the-bright-ideas-challenge-2018.html
1,steminc@science.edu.sg,https://www.shell.com.sg/energy-and-innovation/make-the-future-singapore/the-bright-ideas-challenge-2018.html
2,steminc@science.edu.sg,https://www.shell.com.sg/energy-and-innovation/make-the-future-singapore/the-bright-ideas-challenge-2018.html
3,steminc@science.edu.sg,https://www.shell.com.sg/energy-and-innovation/make-the-future-singapore/the-bright-ideas-challenge-2018.html
4,steminc@science.edu.sg,https://www.shell.com.sg/energy-and-innovation/make-the-future-singapore/the-bright-ideas-challenge-2018.html
0,info@globaldatabase.com,https://sg.globaldatabase.com/about
1,info@globaldatabase.com,https://sg.globaldatabase.com/about
0,privacy@globaldatabase.com,https://www.globaldatabase.com/privacy-policy
1,privacy@globaldatabase.com,https://www.globaldatabase.com/privacy-policy
2,privacy@globaldatabase.com,https://www.globaldatabase.com/privacy-policy
3,privacy@globaldatabase.com,https://www.globaldatabase.com/privacy-policy
4,privacy@globaldatabase.com,https://www.globaldatabase.com/privacy-policy
5,privacy@globaldatabase.com,https://www.globaldatabase.com/privacy-policy
6,privacy@globaldatabase.com,https://www.globaldatabase.com/privacy-policy
7,privacy@globaldatabase.com,https://www.globaldatabase.com/privacy-policy
0,poststelle@ldi.nrw.de,https://www.simon-kucher.com/en-sg/data-privacy
0,savi@voltasia.com.sg,https://www.voltasia.com.sg/job/utilities-specialist-mechanical-boiler-chemical-plant/
1,savi@voltasia.com.sg,https://www.voltasia.com.sg/job/utilities-specialist-mechanical-boiler-chemical-plant/
2,singapore@voltasia.com.sg,https://www.voltasia.com.sg/job/utilities-specialist-mechanical-boiler-chemical-plant/
3,singapore@voltasia.com.sg,https://www.voltasia.com.sg/job/utilities-specialist-mechanical-boiler-chemical-plant/
4,singapore@voltasia.com.sg,https://www.voltasia.com.sg/job/utilities-specialist-mechanical-boiler-chemical-plant/
0,savi@voltasia.com.sg,https://www.voltasia.com.sg/job/technical-perfumer-2/
1,savi@voltasia.com.sg,https://www.voltasia.com.sg/job/technical-perfumer-2/
2,singapore@voltasia.com.sg,https://www.voltasia.com.sg/job/technical-perfumer-2/
3,singapore@voltasia.com.sg,https://www.voltasia.com.sg/job/technical-perfumer-2/
4,singapore@voltasia.com.sg,https://www.voltasia.com.sg/job/technical-perfumer-2/
0,savi@voltasia.com.sg,https://www.voltasia.com.sg/job/creative-fragrance-development-manager-sea/
1,savi@voltasia.com.sg,https://www.voltasia.com.sg/job/creative-fragrance-development-manager-sea/
2,singapore@voltasia.com.sg,https://www.voltasia.com.sg/job/creative-fragrance-development-manager-sea/
3,singapore@voltasia.com.sg,https://www.voltasia.com.sg/job/creative-fragrance-development-manager-sea/
4,singapore@voltasia.com.sg,https://www.voltasia.com.sg/job/creative-fragrance-development-manager-sea/
0,savi@voltasia.com.sg,https://www.voltasia.com.sg/consultants/sathiyarajan-vinayagamani
1,savi@voltasia.com.sg,https://www.voltasia.com.sg/consultants/sathiyarajan-vinayagamani
2,singapore@voltasia.com.sg,https://www.voltasia.com.sg/consultants/sathiyarajan-vinayagamani
3,singapore@voltasia.com.sg,https://www.voltasia.com.sg/consultants/sathiyarajan-vinayagamani
4,singapore@voltasia.com.sg,https://www.voltasia.com.sg/consultants/sathiyarajan-vinayagamani
0,singapore@voltasia.com.sg,https://www.voltasia.com.sg/blog
1,singapore@voltasia.com.sg,https://www.voltasia.com.sg/blog
2,singapore@voltasia.com.sg,https://www.voltasia.com.sg/blog
0,singapore@voltasia.com.sg,https://www.voltasia.com.sg/disciplines
1,singapore@voltasia.com.sg,https://www.voltasia.com.sg/disciplines
2,singapore@voltasia.com.sg,https://www.voltasia.com.sg/disciplines
0,singapore@voltasia.com.sg,https://www.voltasia.com.sg/volts-services
1,singapore@voltasia.com.sg,https://www.voltasia.com.sg/volts-services
2,singapore@voltasia.com.sg,https://www.voltasia.com.sg/volts-services
0,firc@sp.edu.sg,https://industry.sp.edu.sg/firc/
1,firc@sp.edu.sg,https://industry.sp.edu.sg/firc/
0,enterprise@sp.edu.sg,https://industry.sp.edu.sg/co-location/
1,enterprise@sp.edu.sg,https://industry.sp.edu.sg/co-location/
2,yin_xi_jiang@sp.edu.sg,https://industry.sp.edu.sg/co-location/
3,yin_xi_jiang@sp.edu.sg,https://industry.sp.edu.sg/co-location/
4,jessie_tong@sp.edu.sg,https://industry.sp.edu.sg/co-location/
5,jessie_tong@sp.edu.sg,https://industry.sp.edu.sg/co-location/
6,chua_zhi_ming@sp.edu.sg,https://industry.sp.edu.sg/co-location/
7,chua_zhi_ming@sp.edu.sg,https://industry.sp.edu.sg/co-location/
8,edna_chan@sp.edu.sg,https://industry.sp.edu.sg/co-location/
9,edna_chan@sp.edu.sg,https://industry.sp.edu.sg/co-location/
10,robert_a_straughan@sp.edu.sg,https://industry.sp.edu.sg/co-location/
11,robert_a_straughan@sp.edu.sg,https://industry.sp.edu.sg/co-location/
12,lee_kim_kheng@sp.edu.sg,https://industry.sp.edu.sg/co-location/
13,lee_kim_kheng@sp.edu.sg,https://industry.sp.edu.sg/co-location/
14,steven_yih_min_tan@sp.edu.sg,https://industry.sp.edu.sg/co-location/
15,steven_yih_min_tan@sp.edu.sg,https://industry.sp.edu.sg/co-location/
16,pock_eriee@sp.edu.sg,https://industry.sp.edu.sg/co-location/
17,pock_eriee@sp.edu.sg,https://industry.sp.edu.sg/co-location/
18,jessie_tong@sp.edu.sg,https://industry.sp.edu.sg/co-location/
19,jessie_tong@sp.edu.sg,https://industry.sp.edu.sg/co-location/
20,zen_tan@sp.edu.sg,https://industry.sp.edu.sg/co-location/
21,zen_tan@sp.edu.sg,https://industry.sp.edu.sg/co-location/
22,koh_kok_sin@sp.edu.sg,https://industry.sp.edu.sg/co-location/
23,koh_kok_sin@sp.edu.sg,https://industry.sp.edu.sg/co-location/
24,dylan_eng@sp.edu.sg,https://industry.sp.edu.sg/co-location/
25,dylan_eng@sp.edu.sg,https://industry.sp.edu.sg/co-location/
26,danny_sim@sp.edu.sg,https://industry.sp.edu.sg/co-location/
27,danny_sim@sp.edu.sg,https://industry.sp.edu.sg/co-location/
28,juliana_ong@sp.edu.sg,https://industry.sp.edu.sg/co-location/
29,juliana_ong@sp.edu.sg,https://industry.sp.edu.sg/co-location/
30,lim_mong_ling@sp.edu.sg,https://industry.sp.edu.sg/co-location/
31,lim_mong_ling@sp.edu.sg,https://industry.sp.edu.sg/co-location/
32,diong_bee_chu@sp.edu.sg,https://industry.sp.edu.sg/co-location/
33,diong_bee_chu@sp.edu.sg,https://industry.sp.edu.sg/co-location/
34,lim_joo_ghee@sp.edu.sg,https://industry.sp.edu.sg/co-location/
35,lim_joo_ghee@sp.edu.sg,https://industry.sp.edu.sg/co-location/
36,chee_choong_yang@sp.edu.sg,https://industry.sp.edu.sg/co-location/
37,chee_choong_yang@sp.edu.sg,https://industry.sp.edu.sg/co-location/
38,kenny_seah@sp.edu.sg,https://industry.sp.edu.sg/co-location/
39,kenny_seah@sp.edu.sg,https://industry.sp.edu.sg/co-location/
40,audrey_low@sp.edu.sg,https://industry.sp.edu.sg/co-location/
41,audrey_low@sp.edu.sg,https://industry.sp.edu.sg/co-location/
0,enterprise@sp.edu.sg,https://industry.sp.edu.sg/amc/
1,enterprise@sp.edu.sg,https://industry.sp.edu.sg/amc/
0,singapore@voltasia.com.sg,https://www.voltasia.com.sg/about
1,singapore@voltasia.com.sg,https://www.voltasia.com.sg/about
2,singapore@voltasia.com.sg,https://www.voltasia.com.sg/about
0,spie_events@sp.edu.sg,https://industry.sp.edu.sg/events/
1,spie_events@sp.edu.sg,https://industry.sp.edu.sg/events/
2,spie_events@sp.edu.sg,https://industry.sp.edu.sg/events/
3,spie_events@sp.edu.sg,https://industry.sp.edu.sg/events/
4,contactus@sp.edu.sg,https://industry.sp.edu.sg/events/
5,contactus@sp.edu.sg,https://industry.sp.edu.sg/events/
0,contactus@sp.edu.sg,https://industry.sp.edu.sg/contact-us/
1,contactus@sp.edu.sg,https://industry.sp.edu.sg/contact-us/
0,singapore@voltasia.com.sg,https://www.voltasia.com.sg/employers
1,singapore@voltasia.com.sg,https://www.voltasia.com.sg/employers
2,singapore@voltasia.com.sg,https://www.voltasia.com.sg/employers
0,savi@voltasia.com.sg,https://www.voltasia.com.sg/job/plant-maintenance-technical-assistant-food-slash-chemicals-slash-pharma-4/
1,savi@voltasia.com.sg,https://www.voltasia.com.sg/job/plant-maintenance-technical-assistant-food-slash-chemicals-slash-pharma-4/
2,singapore@voltasia.com.sg,https://www.voltasia.com.sg/job/plant-maintenance-technical-assistant-food-slash-chemicals-slash-pharma-4/
3,singapore@voltasia.com.sg,https://www.voltasia.com.sg/job/plant-maintenance-technical-assistant-food-slash-chemicals-slash-pharma-4/
4,singapore@voltasia.com.sg,https://www.voltasia.com.sg/job/plant-maintenance-technical-assistant-food-slash-chemicals-slash-pharma-4/
0,savi@voltasia.com.sg,https://www.voltasia.com.sg/job/agrochemicals-formulation-specialist-apac-plus-china-2/
1,savi@voltasia.com.sg,https://www.voltasia.com.sg/job/agrochemicals-formulation-specialist-apac-plus-china-2/
2,singapore@voltasia.com.sg,https://www.voltasia.com.sg/job/agrochemicals-formulation-specialist-apac-plus-china-2/
3,singapore@voltasia.com.sg,https://www.voltasia.com.sg/job/agrochemicals-formulation-specialist-apac-plus-china-2/
4,singapore@voltasia.com.sg,https://www.voltasia.com.sg/job/agrochemicals-formulation-specialist-apac-plus-china-2/
0,savi@voltasia.com.sg,https://www.voltasia.com.sg/job/apac-regulatory-affairs-manager-food-industry-4/
1,savi@voltasia.com.sg,https://www.voltasia.com.sg/job/apac-regulatory-affairs-manager-food-industry-4/
2,singapore@voltasia.com.sg,https://www.voltasia.com.sg/job/apac-regulatory-affairs-manager-food-industry-4/
3,singapore@voltasia.com.sg,https://www.voltasia.com.sg/job/apac-regulatory-affairs-manager-food-industry-4/
4,singapore@voltasia.com.sg,https://www.voltasia.com.sg/job/apac-regulatory-affairs-manager-food-industry-4/
0,savi@voltasia.com.sg,https://www.voltasia.com.sg/job/chemist-coatings-slash-plastics-slash-adhesive-slash-elastomer-4/
1,savi@voltasia.com.sg,https://www.voltasia.com.sg/job/chemist-coatings-slash-plastics-slash-adhesive-slash-elastomer-4/
2,singapore@voltasia.com.sg,https://www.voltasia.com.sg/job/chemist-coatings-slash-plastics-slash-adhesive-slash-elastomer-4/
3,singapore@voltasia.com.sg,https://www.voltasia.com.sg/job/chemist-coatings-slash-plastics-slash-adhesive-slash-elastomer-4/
4,singapore@voltasia.com.sg,https://www.voltasia.com.sg/job/chemist-coatings-slash-plastics-slash-adhesive-slash-elastomer-4/
0,singapore@voltasia.com.sg,https://www.voltasia.com.sg/terms-and-conditions
1,singapore@voltasia.com.sg,https://www.voltasia.com.sg/terms-and-conditions
2,singapore@voltasia.com.sg,https://www.voltasia.com.sg/terms-and-conditions
0,savi@voltasia.com.sg,https://www.voltasia.com.sg/job/automation-assistant-engineer-manufacturing-plant-2/
1,savi@voltasia.com.sg,https://www.voltasia.com.sg/job/automation-assistant-engineer-manufacturing-plant-2/
2,singapore@voltasia.com.sg,https://www.voltasia.com.sg/job/automation-assistant-engineer-manufacturing-plant-2/
3,singapore@voltasia.com.sg,https://www.voltasia.com.sg/job/automation-assistant-engineer-manufacturing-plant-2/
4,singapore@voltasia.com.sg,https://www.voltasia.com.sg/job/automation-assistant-engineer-manufacturing-plant-2/
0,savi@voltasia.com.sg,https://www.voltasia.com.sg/job/process-engineer-chemical-plant/
1,savi@voltasia.com.sg,https://www.voltasia.com.sg/job/process-engineer-chemical-plant/
2,singapore@voltasia.com.sg,https://www.voltasia.com.sg/job/process-engineer-chemical-plant/
3,singapore@voltasia.com.sg,https://www.voltasia.com.sg/job/process-engineer-chemical-plant/
4,singapore@voltasia.com.sg,https://www.voltasia.com.sg/job/process-engineer-chemical-plant/
0,savi@voltasia.com.sg,https://www.voltasia.com.sg/job/head-of-flavor-application-sea-food-industry-6/
1,savi@voltasia.com.sg,https://www.voltasia.com.sg/job/head-of-flavor-application-sea-food-industry-6/
2,singapore@voltasia.com.sg,https://www.voltasia.com.sg/job/head-of-flavor-application-sea-food-industry-6/
3,singapore@voltasia.com.sg,https://www.voltasia.com.sg/job/head-of-flavor-application-sea-food-industry-6/
4,singapore@voltasia.com.sg,https://www.voltasia.com.sg/job/head-of-flavor-application-sea-food-industry-6/
0,savi@voltasia.com.sg,https://www.voltasia.com.sg/job/technical-perfumer-1/
1,savi@voltasia.com.sg,https://www.voltasia.com.sg/job/technical-perfumer-1/
2,singapore@voltasia.com.sg,https://www.voltasia.com.sg/job/technical-perfumer-1/
3,singapore@voltasia.com.sg,https://www.voltasia.com.sg/job/technical-perfumer-1/
4,singapore@voltasia.com.sg,https://www.voltasia.com.sg/job/technical-perfumer-1/
0,savi@voltasia.com.sg,https://www.voltasia.com.sg/job/regional-tech-service-engineer-chemical-plants-apac/
1,savi@voltasia.com.sg,https://www.voltasia.com.sg/job/regional-tech-service-engineer-chemical-plants-apac/
2,singapore@voltasia.com.sg,https://www.voltasia.com.sg/job/regional-tech-service-engineer-chemical-plants-apac/
3,singapore@voltasia.com.sg,https://www.voltasia.com.sg/job/regional-tech-service-engineer-chemical-plants-apac/
4,singapore@voltasia.com.sg,https://www.voltasia.com.sg/job/regional-tech-service-engineer-chemical-plants-apac/
0,singapore@voltasia.com.sg,https://www.voltasia.com.sg/why-volt
1,singapore@voltasia.com.sg,https://www.voltasia.com.sg/why-volt
2,singapore@voltasia.com.sg,https://www.voltasia.com.sg/why-volt
0,enterprise@sp.edu.sg,https://industry.sp.edu.sg/cwt/
0,singapore@voltasia.com.sg,https://www.voltasia.com.sg/
1,singapore@voltasia.com.sg,https://www.voltasia.com.sg/
2,singapore@voltasia.com.sg,https://www.voltasia.com.sg/
