,email,link
0,,
1,enquiries@westmeadpharmacy.com,http://www.westmeadpharmacy.com/faqs
2,support@westmeadpharmacy.com,http://www.westmeadpharmacy.com/faqs
3,dpo@hyphens.com.sg,https://www.hyphens.com.sg/privacy-policy/
4,webmaster@abbott.com,https://www.abbott.com.sg/privacy.html
5,sgdpo@abbott.com,https://www.abbott.com.sg/privacy.html
6,corporate_development@gilead.com,https://www.gilead.com/utility/contact/partnership-request
7,privacyoffice@abbvie.com,https://www.abbvie.com/privacy.html
8,groupdpo@viforpharma.com,https://www.viforpharma.sg/site-services/privacy-policy
9,dataprivacy_eearep@viforpharma.com,https://www.viforpharma.sg/site-services/privacy-policy
10,safety@viforpharma.com,https://www.viforpharma.sg/site-services/privacy-policy
11,info_ap@viforpharma.com,https://www.viforpharma.sg/about-vifor-pharma/partnerships
12,sg@amgen.com,https://www.amgen.com.sg/media/
13,japac@amgen.com,https://www.amgen.com.sg/contact-us/
14,advocacy@gilead.com,https://www.gilead.com/news-and-press/company-statements/discover-study-of-ftaf-for-prep
15,public_affairs@gilead.com,https://www.gilead.com/news-and-press/press-room/press-faqs
16,gileadclinicaltrials@gilead.com,https://www.gilead.com/science-and-medicine/research/clinical-trials-transparency-and-data-sharing-policy
17,datarequest@gilead.com,https://www.gilead.com/science-and-medicine/research/clinical-trials-transparency-and-data-sharing-policy
18,procurement@gilead.com,https://www.gilead.com/about/ethics-and-code-of-conduct/supplier-info
19,access@gilead.com,https://www.gilead.com/purpose/medication-access/global-access
20,compassionateaccess@gilead.com,https://www.gilead.com/science-and-medicine/research/compassionate-use
21,grants@gilead.com,https://www.gilead.com/purpose/giving/gilead-public-health-award
22,imed@gilead.com,https://www.gilead.com/purpose/giving/what-we-fund
23,patientsupport@gilead.com,https://www.gilead.com/purpose/medication-access/disaster-product-replacement
24,contact@efusiontech.com,https://www.efusiontech.com
25,thompson@gilead.com,https://www.gilead.com/purpose/partnerships-and-community/transcend
26,ukmedinfo@gilead.com,https://www.gilead.com/utility/global-operations/europe/ireland
27,customerservice@gilead.com,https://www.gilead.com/utility/global-operations/europe/ireland
28,safety_fc@gilead.com,https://www.gilead.com/utility/global-operations/europe/united-kingdom
29,dons@gilead.com,https://www.gilead.com/utility/global-operations/europe/france
30,medinfo@gilead.com,https://www.gilead.com/utility/global-operations/australia/australia-new-zealand
31,transparency@gilead.com,https://www.gilead.com/utility/global-operations/australia/australia-new-zealand
32,gilead@senateshj.com.au,https://www.gilead.com/utility/global-operations/australia/australia-new-zealand
33,aoem_medinfo@gilead.com,https://www.gilead.com/utility/global-operations/africa/south-africa
34,asiamedinfo@gilead.com,https://www.gilead.com/utility/global-operations/asia/taiwan
35,austriasafetymailbox@gilead.com,https://www.gilead.com/utility/global-operations/europe/austria
36,andersson@gilead.com,https://www.gilead.com/utility/global-operations/europe/austria
37,drugsafetygermany@gilead.com,https://www.gilead.com/utility/global-operations/europe/germany
38,koreamedinfo@gilead.com,https://www.gilead.com/utility/global-operations/asia/korea
39,info@gilead.com,https://www.gilead.com/utility/global-operations/asia/china
40,mxmedinfo@gilead.com,https://www.gilead.com/utility/global-operations/north-america/mexico
41,drugsafetymexico@gilead.com,https://www.gilead.com/utility/global-operations/north-america/mexico
42,quejascalidadmx@gilead.com,https://www.gilead.com/utility/global-operations/north-america/mexico
43,supplierdiversity@gilead.com,https://www.gilead.com/utility/contact
44,itmedinfo@gilead.com,https://www.gilead.com/utility/global-operations/europe/italy
45,admin@sapi.org.sg,https://www.sapi.org.sg/contact-us/
46,response@gilead.com,https://www.gilead.com/purpose/advancing-global-health/covid-19
47,pmorder@pom.com.sg,http://www.pom.com.sg/
48,enquiry@pom.com.sg,http://www.panmalayan.com.sg/contact-us/
49,spc@spb.gov.sg,https://www.healthprofessionals.gov.sg/spc/home
50,jun_wee_tan@nhg.com.sg,https://www.healthprofessionals.gov.sg/spc/registered-pharmacists/spc-accredited-pharmacy-preceptor-training-programme
51,whpconsultancy@sgh.com.sg,https://www.healthprofessionals.gov.sg/spc/registered-pharmacists/spc-accredited-pharmacy-preceptor-training-programme
52,hqaereporting@hyphens.com.sg,https://www.hyphens.com.sg/contact-us/
53,connect@hyphens.com.sg,https://www.hyphens.com.sg/contact-us/
54,bd@mundipharma.com.sg,https://www.mundipharma.com.sg/business-development
55,drugsafetymap@mundipharma.com.sg,https://www.mundipharma.com.sg/business-development
56,media@mundipharma.com.sg,https://www.mundipharma.com.sg/news
57,dpo@mundipharma.com.sg,https://www.mundipharma.com.sg/privacy-policy/
58,customercarefreestylecanada@abbott.com,https://www.abbott.com.sg/contact.Canada.html
59,sverige@abbott.se,https://www.abbott.com.sg/contact.Sweden.html
60,abbott@pec.it,https://www.abbott.com.sg/contact.Italy.html
61,supportoamministrativo@abbott.com,https://www.abbott.com.sg/contact.Italy.html
62,ricezioneordini@abbott.com,https://www.abbott.com.sg/contact.Italy.html
63,ufficioordini@pec.it.abbott.com,https://www.abbott.com.sg/contact.Italy.html
64,add_italy_tender@abbott.com,https://www.abbott.com.sg/contact.Italy.html
65,ufficiogare@pec.it.abbott.com,https://www.abbott.com.sg/contact.Italy.html
66,servizioclienti@abbott.com,https://www.abbott.com.sg/contact.Italy.html
67,amdcustomercare@abbott.com,https://www.abbott.com.sg/contact.Italy.html
68,ordini@abbott.com,https://www.abbott.com.sg/contact.Italy.html
69,ordini@av.abbott.com,https://www.abbott.com.sg/contact.Italy.html
70,avmilancustomer@pec.av.abbott.com,https://www.abbott.com.sg/contact.Italy.html
71,info@abbott.hu,https://www.abbott.com.sg/contact.Hungary.html
72,au@abbott.com,https://www.abbott.com.sg/contact.Australia.html
73,customerserviceaustralia@abbott.com,https://www.abbott.com.sg/contact.Australia.html
74,medicalinformation@abbott.com,https://www.abbott.com.sg/contact.Australia.html
75,acs@av.abbott.com,https://www.abbott.com.sg/contact.Australia.html
76,enquiry@apexpharmacy.com.sg,http://www.apexpharmacy.com.sg/contact-us
77,apexhr@apexpharmacy.com.sg,http://www.apexpharmacy.com.sg/contact-us
78,itdept@apexpharmacy.com.sg,http://www.apexpharmacy.com.sg/contact-us
79,privacy@gilead.com,https://www.gilead.com/privacy-statements
80,dpo@gilead.com,https://www.gilead.com/privacy-statements
81,sales@beacons.com.sg,http://www.beacons.com.sg/terms.php
82,appt@nhcs.com.sg,https://www.nhcs.com.sg/patient-care/visitor-information/contact-us
83,nhcs@nhcs.com.sg,https://www.nhcs.com.sg/patient-care/visitor-information/contact-us
84,pharmacy@nhcs.com.sg,https://www.nhcs.com.sg/patient-care/visitor-information/contact-us
85,office@nhcs.com.sg,https://www.nhcs.com.sg/patient-care/visitor-information/contact-us
86,privacy@mckinsey.com,https://www.mckinsey.com/cookie-policy
87,lok@wika.com,https://www.wika.com.sg/privacypolicy_en_sg.WIKA
88,info@wika.sg,https://www.wika.com.sg/privacypolicy_en_sg.WIKA
89,yspsin@singnet.com.sg,https://sgpgrid.com/company-details/yung-shin-pharmaceutical-singapore-pte-ltd
90,yocome@yungshingroup.com,https://sgpgrid.com/company-details/yung-shin-pharmaceutical-singapore-pte-ltd
91,vick@yungshingroup.com,https://sgpgrid.com/company-details/yung-shin-pharmaceutical-singapore-pte-ltd
92,hac@yungshingroup.com,https://sgpgrid.com/company-details/yung-shin-pharmaceutical-singapore-pte-ltd
93,ttlbf@yungshingroup.com,https://sgpgrid.com/company-details/yung-shin-pharmaceutical-singapore-pte-ltd
94,danchen@yungshingroup.com,https://sgpgrid.com/company-details/yung-shin-pharmaceutical-singapore-pte-ltd
95,ysk@yungshingroup.com,https://sgpgrid.com/company-details/yung-shin-pharmaceutical-singapore-pte-ltd
96,yspgyzc@yungshingroup.com,https://sgpgrid.com/company-details/yung-shin-pharmaceutical-singapore-pte-ltd
97,salescn@yungshingroup.com,https://sgpgrid.com/company-details/yung-shin-pharmaceutical-singapore-pte-ltd
98,volleyball@yungshingroup.com,https://sgpgrid.com/company-details/yung-shin-pharmaceutical-singapore-pte-ltd
99,tangweichen@yungshingroup.com,https://sgpgrid.com/company-details/yung-shin-pharmaceutical-singapore-pte-ltd
100,sales@icmpharma.com,https://icmpharma.com/
101,hpb_healthhub@hpb.gov.sg,https://play.google.com/store/apps/details?id=sg.gov.hpb.healthhub
102,wazzup@webimp.com.sg,https://www.webimp.com.sg/website-design-development/
103,enquiry@sgmem.sg,https://www.sgmem.sg/privacy-policy-2/
104,chong_zhi_qiang@nea.gov.sg,https://www.sgmem.sg/nea_3rd_grant_call_niw/
105,dylan_tan@nea.gov.sg,https://www.sgmem.sg/nea_3rd_grant_call_niw/
106,submissions@pilot44.com,https://www.sgmem.sg/procter-gamble-innovation-brief/
107,hpb_nir@hpb.gov.sg,https://www.healthhub.sg/faqs
108,info@support.mckinsey.com,https://play.google.com/store/apps/details?id=com.mckinsey.mckinseyinsights
109,sg@wika.com,https://www.wika.com.sg/imprint_en_sg.WIKA
110,mckinsey_website_accessibility@mckinsey.com,https://www.mckinsey.com/about-us/overview/change-that-matters
111,mckinsey_academy_virtual_exchange@mckinsey.com,https://www.mckinsey.com/business-functions/mckinsey-accelerate/how-we-help-clients
112,pdpa@nhcs.com.sg,https://www.nhcs.com.sg/about-us/corporate-profile/pdpa
113,media_relations_inbox@mckinsey.com,https://www.mckinsey.com/about-us/media
114,asia_media_enquiries@mckinsey.com,https://www.mckinsey.com/about-us/media
115,media_inquiries_europe@mckinsey.com,https://www.mckinsey.com/about-us/media
116,kai_peter_rath@mckinsey.com,https://www.mckinsey.com/about-us/media
117,media_enquiries@mckinsey.com,https://www.mckinsey.com/about-us/media
118,nomti_manzana@mckinsey.com,https://www.mckinsey.com/about-us/media
119,kerry_naidoo@mckinsey.com,https://www.mckinsey.com/about-us/media
120,comms_meo@mckinsey.com,https://www.mckinsey.com/about-us/media
121,rebeca_robboy@mckinsey.com,https://www.mckinsey.com/about-us/media
122,cathy_gui@mckinsey.com,https://www.mckinsey.com/about-us/media
123,ouridentity@mckinsey.com,https://www.mckinsey.com/about-us/media
124,sales@wika.com,https://www.wika.com.sg/service_sf6_services_en_co.WIKA
125,de@wika.com,https://www.wika.com.sg/service_diaphragm_seal_service_en_co.WIKA
126,development@nhcs.com.sg,https://www.nhcs.com.sg/giving/make-a-gift
127,20development@nhcs.com.sg,https://www.nhcs.com.sg/giving/your-gift-at-work
128,ote@nhcs.com.sg,https://www.nhcs.com.sg/education-training/fellowships
129,c@nhcs.com.sg,https://www.nhcs.com.sg/research-innovation/clinical-trials/clinical-trials
130,wanshan@nhcs.com.sg,https://www.nhcs.com.sg/research-innovation/clinical-trials/clinical-trials
131,s@singhealth.com.sg,https://www.nhcs.com.sg/about-us/procurement
132,comms@nhcs.com.sg,https://www.nhcs.com.sg/about-us/newsroom
133,contact@bain.com,https://www.bain.com/pt-br/offices/singapore/
134,recruiting@bain.com,https://www.bain.com/pt-br/offices/singapore/
135,ong@bain.com,https://www.bain.com/pt-br/offices/singapore/
136,worley@bain.com,https://www.bain.com/pt-br/offices/singapore/
137,pinkney@bain.com,https://www.bain.com/about/media-center/
138,ware@bain.com,https://www.bain.com/about/media-center/
139,medina@bain.com,https://www.bain.com/about/media-center/
140,relations@bain.com,https://www.bain.com/about/contact-us/
141,webmaster@bain.com,https://www.bain.com/about/contact-us/
142,stumbles@bain.com,https://www.bain.com/offices/sydney/
143,christian@bain.com,https://www.bain.com/offices/sydney/
144,marketing@bain.com,https://www.bain.com/offices/shanghai/
145,zhu@bain.com,https://www.bain.com/offices/shanghai/
146,india@bain.com,https://www.bain.com/offices/mumbai/
147,seoulmarketing@bain.com,https://www.bain.com/offices/seoul/
148,seoul@bain.com,https://www.bain.com/offices/seoul/
149,park@bain.com,https://www.bain.com/offices/seoul/
150,tokyo@bain.com,https://www.bain.com/offices/tokyo/
151,singapore@bain.com,https://www.bain.com/offices/kuala-lumpur/
152,applytobaincapabilitynetwork@bain.com,https://www.bain.com/offices/bcn/
153,bcnrecruitment@bain.com,https://www.bain.com/offices/bcn/
154,jaafar@bain.com,https://www.bain.com/offices/riyadh/
155,williamson@bain.com,https://www.bain.com/offices/riyadh/
156,moran@bain.com,https://www.bain.com/offices/riyadh/
157,imtiaz@bain.com,https://www.bain.com/offices/riyadh/
158,health_tech_network@mckinsey.com,https://www.mckinsey.com/industries/pharmaceuticals-and-medical-products/our-insights
159,20medicalreport@nhcs.com.sg,https://www.nhcs.com.sg/patient-care/visiting-a-specialist/Pages/request-medical-report.aspx
160,medicalreport@nhcs.com.sg,https://www.nhcs.com.sg/patient-care/visiting-a-specialist/Pages/request-medical-report.aspx
161,kuzmic@bain.com,https://www.bain.com/offices/stockholm/
162,petersen@bain.com,https://www.bain.com/offices/stockholm/
163,detalle@bain.com,https://www.bain.com/offices/paris/
164,parisbaincares@bain.com,https://www.bain.com/offices/paris/
165,painmorgado@bain.com,https://www.bain.com/offices/paris/
166,imalileche@bain.com,https://www.bain.com/offices/paris/
167,cherik@bain.com,https://www.bain.com/offices/paris/
168,deroquemaurel@bain.com,https://www.bain.com/offices/paris/
169,sonnet@bain.com,https://www.bain.com/offices/paris/
170,info@bain.de,https://www.bain.com/offices/munich/
171,moll@bain.com,https://www.bain.com/offices/munich/
172,ziegler@bain.com,https://www.bain.com/offices/munich/
173,seik@bain.com,https://www.bain.com/offices/munich/
174,wieder@bain.com,https://www.bain.com/offices/munich/
175,alumni@bain.de,https://www.bain.com/offices/munich/
176,boe@bain.com,https://www.bain.com/offices/oslo/
177,prioreschi@bain.it,https://www.bain.com/offices/rome/
178,illardo@bain.it,https://www.bain.com/offices/rome/
179,comolli@bain.it,https://www.bain.com/offices/rome/
180,visini@bain.com,https://www.bain.com/offices/rome/
181,brignola@bain.it,https://www.bain.com/offices/rome/
182,inc@legalmail.it,https://www.bain.com/offices/rome/
183,mongil@bain.com,https://www.bain.com/offices/madrid/
184,gonzalez@bain.com,https://www.bain.com/offices/madrid/
185,miralles@bain.com,https://www.bain.com/offices/madrid/
186,jara@bain.com,https://www.bain.com/offices/madrid/
187,hadley@bain.com,https://www.bain.com/offices/london/
188,hamilton@bain.com,https://www.bain.com/offices/london/
189,london@bain.com,https://www.bain.com/offices/london/
190,elton@bain.com,https://www.bain.com/offices/london/
191,milligan@bain.com,https://www.bain.com/offices/london/
192,spencer@bain.com,https://www.bain.com/offices/london/
193,spektorov@bain.com,https://www.bain.com/offices/moscow/
194,inquiry@bain.com,https://www.bain.com/offices/moscow/
195,vaypan@bain.com,https://www.bain.com/offices/moscow/
196,shiroyan@bain.com,https://www.bain.com/offices/moscow/
197,southafrica@bain.com,https://www.bain.com/offices/johannesburg/
198,wilson@bain.com,https://www.bain.com/offices/johannesburg/
199,binzat@bain.com,https://www.bain.com/offices/istanbul/
200,guntag@bain.com,https://www.bain.com/offices/istanbul/
201,kelloniemi@bain.com,https://www.bain.com/offices/helsinki/
202,kairi@bain.com,https://www.bain.com/offices/helsinki/
203,brusselmans@bain.com,https://www.bain.com/offices/copenhagen/
204,krasinska@bain.com,https://www.bain.com/offices/warsaw/
205,rozhin@bain.com,https://www.bain.com/offices/warsaw/
206,amsterdam@bain.com,https://www.bain.com/offices/amsterdam/
207,offermans@bain.com,https://www.bain.com/offices/amsterdam/
208,cherry@bain.com,https://www.bain.com/offices/silicon-valley/
209,kitchen@bain.com,https://www.bain.com/offices/silicon-valley/
210,sarkowsky@bain.com,https://www.bain.com/offices/silicon-valley/
211,adrecruiting@bain.com,https://www.bain.com/offices/silicon-valley/
212,pearce@bain.com,https://www.bain.com/offices/silicon-valley/
213,trotter@bain.com,https://www.bain.com/offices/toronto/
214,hysenaj@bain.com,https://www.bain.com/offices/toronto/
215,andrews@bain.com,https://www.bain.com/offices/toronto/
216,alhashmi@bain.com,https://www.bain.com/offices/middle-east/
217,rapela@bain.com,https://www.bain.com/offices/santiago/
218,agostino@bain.com,https://www.bain.com/offices/santiago/
219,pelegrini@bain.com,https://www.bain.com/offices/santiago/
220,snauwaert@bain.com,https://www.bain.com/offices/brussels/
221,feret@bain.com,https://www.bain.com/offices/brussels/
222,migom@bain.com,https://www.bain.com/offices/brussels/
223,minten@bain.com,https://www.bain.com/offices/brussels/
224,ratajczak@bain.com,https://www.bain.com/offices/san-francisco/
225,robbins@bain.com,https://www.bain.com/offices/washington-dc/
226,washingtondc@bain.com,https://www.bain.com/offices/washington-dc/
227,info@bain.com,https://www.bain.com/offices/warsaw-global-business-services/
228,publicrelations@bain.com,https://www.bain.com/offices/warsaw-global-business-services/
229,husistein@bain.com,https://www.bain.com/offices/zurich/
230,pelster@bain.com,https://www.bain.com/offices/zurich/
231,davidson@bain.com,https://www.bain.com/offices/seattle/
232,info@frwd.com,https://www.bain.com/offices/minneapolis-frwd/
233,radabaugh@bain.com,https://www.bain.com/offices/los-angeles/
234,loehr@bain.com,https://www.bain.com/offices/los-angeles/
235,downes@bain.com,https://www.bain.com/offices/los-angeles/
236,zerpa@bain.com,https://www.bain.com/offices/los-angeles/
237,galli@bain.com,https://www.bain.com/offices/rio-de-janeiro/
238,betti@bain.com,https://www.bain.com/offices/rio-de-janeiro/
239,bentley@bain.com,https://www.bain.com/offices/dallas/
240,whitten@bain.com,https://www.bain.com/offices/dallas/
241,reilly@bain.com,https://www.bain.com/offices/dallas/
242,monnet@bain.com,https://www.bain.com/offices/dallas/
243,newyork@bain.com,https://www.bain.com/offices/new-york/
244,kawa@bain.com,https://www.bain.com/offices/new-york/
245,bice@bain.com,https://www.bain.com/offices/new-york/
246,rubio@bain.com,https://www.bain.com/offices/mexico-city/
247,quezada@bain.com,https://www.bain.com/offices/mexico-city/
248,lozada@bain.com,https://www.bain.com/offices/mexico-city/
249,dataprivacy@bain.com,https://www.bain.com/about/privacy/
250,mclaughlin@bain.com,https://www.bain.com/offices/Chicago/
251,martini@bain.com,https://www.bain.com/offices/Chicago/
252,clark@bain.com,https://www.bain.com/offices/Chicago/
253,hick@bain.com,https://www.bain.com/offices/Chicago/
254,eisner@bain.com,https://www.bain.com/offices/buenos-aires/
255,masjuan@bain.com,https://www.bain.com/offices/buenos-aires/
256,dias@bain.com,https://www.bain.com/offices/buenos-aires/
257,20recruiting@bain.com,https://www.bain.com/offices/boston/
258,20adrecruiting@bain.com,https://www.bain.com/offices/boston/
259,boston@bain.com,https://www.bain.com/offices/boston/
260,britto@bain.com,https://www.bain.com/offices/bogota/
261,miles@bain.com,https://www.bain.com/offices/atlanta/
262,atlanta@bain.com,https://www.bain.com/offices/atlanta/
263,elliott@bain.com,https://www.bain.com/offices/atlanta/
264,ng_meng_li@edb.gov.sg,https://www.edb.gov.sg/en/other-pages/terms.html
265,edbwhistleblower@kpmg.com.sg,https://www.edb.gov.sg/en/other-pages/whistleblowing.html
266,ask@singhealthacademy.edu.sg,https://www.singhealthacademy.edu.sg
267,qsm_edb@edb.gov.sg,https://www.edb.gov.sg/en/contact/contact-us.html
268,central@scigen.com.sg,https://scigenltd.com/products/
269,scigenmail@scigen.com.au,https://scigenltd.com/contact-us/
270,scigen@scigen.co.kr,https://scigenltd.com/contact-us/
271,scigen_beijing@scigenltd.com.cn,https://scigenltd.com/contact-us/
272,marcusph@scigen.com.sg,https://scigenltd.com/contact-us/
273,pharmacovigilance@scigen.com.sg,https://scigenltd.com/contact-us/
274,yvonne@scigen.com.sg,https://scigenltd.com/contact-us/
275,mnaef@scigen.com.au,https://scigenltd.com/contact-us/
276,client_services@edb.gov.sg,https://www.edb.gov.sg/en/other-pages/privacy.html
277,hr@beacons.com.sg,http://www.beacons.com.sg/contact.php
278,admin@pss.org.sg,https://www.pss.org.sg/grants_awards
279,industry@pss.org.sg,https://www.pss.org.sg/chapter/industry-chapter/industry-chapter
280,lreshma@guardian.com.sg,https://www.pss.org.sg/store/online-cpe/e-learning-nurses-pss-medication-management-training-nurses
281,xhlim@guardian.com.sg,https://www.pss.org.sg/store/online-cpe/e-learning-nurses-pss-medication-management-training-nurses
282,appointments@sgh.com.sg,https://www.singhealth.com.sg/patient-care/patient-visitor-info
283,appointments@skh.com.sg,https://www.singhealth.com.sg/patient-care/patient-visitor-info
284,centralappt@kkh.com.sg,https://www.singhealth.com.sg/patient-care/patient-visitor-info
285,callcentre@nccs.com.sg,https://www.singhealth.com.sg/patient-care/patient-visitor-info
286,appointments@nni.com.sg,https://www.singhealth.com.sg/patient-care/patient-visitor-info
287,appointments@snec.com.sg,https://www.singhealth.com.sg/patient-care/patient-visitor-info
288,singhealthpolyclinics@singhealth.com.sg,https://www.singhealth.com.sg/patient-care/patient-visitor-info
289,media@singhealth.com.sg,https://www.singhealth.com.sg/about-singhealth/newsroom
290,offer@accelerate.tech,https://www.a-star.edu.sg/Collaborate/from-lab-to-market
291,poststelle@datenschutz.rlp.de,https://www.boehringer-ingelheim.com/data-privacy
292,pharma@singhealth.com.sg,https://www.singhealth.com.sg/about-singhealth/procurement/Pages/Contact-Us.aspx
293,mm@singhealth.com.sg,https://www.singhealth.com.sg/about-singhealth/procurement/Pages/Contact-Us.aspx
294,info@airliquide.com,https://industry.airliquide.sg/sitemap
295,info@calgaz.com,https://www.airliquide.com/singapore
296,sg@schuelke.com,https://www.airliquide.com/singapore
297,seppic@airliquide.com,https://www.airliquide.com/singapore
298,info@soxal.com,https://industry.airliquide.sg/map
299,gasorders@airliquide.com,https://industry.airliquide.sg/map
300,dpo@airliquide.com,https://industry.airliquide.sg/legal-notice
301,gf@cinetic21.de,https://www.boehringer-ingelheim.com/partnering/news/press-releases
302,cm@cinetic21.de,https://www.boehringer-ingelheim.com/products-overview
303,sk@cinetic21.de,https://www.boehringer-ingelheim.com/corporate-profile/making-more-health
304,irb@singhealth.com.sg,https://ishare.singhealth.com.sg/
305,iacuc@singhealth.com.sg,https://ishare.singhealth.com.sg/
306,ishare@singhealth.com.sg,https://ishare.singhealth.com.sg/
307,cc@test.com,https://www.singhealthdukenus.com.sg/research/Pages/Grant%20Calendar.aspx
308,phabox7@nus.edu.sg,https://pharmacy.nus.edu.sg/news/
309,phalk@nus.edu.sg,https://pharmacy.nus.edu.sg/educator-and-practice-track-faculty/
310,phawps@nus.edu.sg,https://pharmacy.nus.edu.sg/educator-and-practice-track-faculty/
311,phacaox@nus.edu.sg,https://pharmacy.nus.edu.sg/educator-and-practice-track-faculty/
312,pharal@nus.edu.sg,https://pharmacy.nus.edu.sg/educator-and-practice-track-faculty/
313,phaww@nus.edu.sg,https://pharmacy.nus.edu.sg/labprocurement/
314,oshjk@nus.edu.sg,https://pharmacy.nus.edu.sg/labprocurement/
315,phatbj@nus.edu.sg,https://pharmacy.nus.edu.sg/labprocurement/
316,syidahm@nus.edu.sg,https://pharmacy.nus.edu.sg/labprocurement/
317,pirc@nus.edu.sg,https://pharmacy.nus.edu.sg/pirc/
318,phabox2@nus.edu.sg,https://pharmacy.nus.edu.sg/contact/
319,epsd@airliquide.com,https://industry.airliquide.sg/engineering
320,phars@nus.edu.sg,https://pharmacy.nus.edu.sg/adjunct-and-visiting-faculty/
321,phansy@nus.edu.sg,https://pharmacy.nus.edu.sg/partners-in-education/
322,phabhka@nus.edu.sg,https://pharmacy.nus.edu.sg/partners-in-education/
323,phachan@nus.edu.sg,https://pharmacy.nus.edu.sg/partners-in-education/
324,phahzn@nus.edu.sg,https://pharmacy.nus.edu.sg/partners-in-education/
325,phahim@nus.edu.sg,https://pharmacy.nus.edu.sg/partners-in-education/
326,phajil@nus.edu.sg,https://pharmacy.nus.edu.sg/partners-in-education/
327,phakjj@nus.edu.sg,https://pharmacy.nus.edu.sg/partners-in-education/
328,phakyq@nus.edu.sg,https://pharmacy.nus.edu.sg/partners-in-education/
329,phahbm@nus.edu.sg,https://pharmacy.nus.edu.sg/partners-in-education/
330,phadm@nus.edu.sg,https://pharmacy.nus.edu.sg/partners-in-education/
331,phancc@nus.edu.sg,https://pharmacy.nus.edu.sg/partners-in-education/
332,phanty@nus.edu.sg,https://pharmacy.nus.edu.sg/partners-in-education/
333,phantqn@nus.edu.sg,https://pharmacy.nus.edu.sg/partners-in-education/
334,phapzhr@nus.edu.sg,https://pharmacy.nus.edu.sg/partners-in-education/
335,phastjm@nus.edu.sg,https://pharmacy.nus.edu.sg/partners-in-education/
336,phatct@nus.edu.sg,https://pharmacy.nus.edu.sg/partners-in-education/
337,phagove@nus.edu.sg,https://pharmacy.nus.edu.sg/partners-in-education/
338,phawlr@nus.edu.sg,https://pharmacy.nus.edu.sg/partners-in-education/
339,phayny@nus.edu.sg,https://pharmacy.nus.edu.sg/partners-in-education/
340,phayeap@nus.edu.sg,https://pharmacy.nus.edu.sg/partners-in-education/
341,phaty@nus.edu.sg,https://pharmacy.nus.edu.sg/partners-in-education/
342,phachin@nus.edu.sg,https://pharmacy.nus.edu.sg/partners-in-education/
343,phaczym@nus.edu.sg,https://pharmacy.nus.edu.sg/partners-in-education/
344,phaleyi@nus.edu.sg,https://pharmacy.nus.edu.sg/partners-in-education/
345,phalm@nus.edu.sg,https://pharmacy.nus.edu.sg/partners-in-education/
346,phalfe@nus.edu.sg,https://pharmacy.nus.edu.sg/partners-in-education/
347,phandq@nus.edu.sg,https://pharmacy.nus.edu.sg/partners-in-education/
348,phapcl@nus.edu.sg,https://pharmacy.nus.edu.sg/partners-in-education/
349,phasjh@nus.edu.sg,https://pharmacy.nus.edu.sg/partners-in-education/
350,phatwt@nus.edu.sg,https://pharmacy.nus.edu.sg/partners-in-education/
351,phawyhc@nus.edu.sg,https://pharmacy.nus.edu.sg/partners-in-education/
352,phazh@nus.edu.sg,https://pharmacy.nus.edu.sg/partners-in-education/
353,phaia@nus.edu.sg,https://pharmacy.nus.edu.sg/partners-in-education/
354,phakyqd@nus.edu.sg,https://pharmacy.nus.edu.sg/partners-in-education/
355,phacrp@nus.edu.sg,https://pharmacy.nus.edu.sg/non-academic-staff/
356,phacyy@nus.edu.sg,https://pharmacy.nus.edu.sg/non-academic-staff/
357,phacaw@nus.edu.sg,https://pharmacy.nus.edu.sg/non-academic-staff/
358,phacuiy@nus.edu.sg,https://pharmacy.nus.edu.sg/non-academic-staff/
359,leizel81@nus.edu.sg,https://pharmacy.nus.edu.sg/non-academic-staff/
360,phaalkw@nus.edu.sg,https://pharmacy.nus.edu.sg/non-academic-staff/
361,phaliuf@nus.edu.sg,https://pharmacy.nus.edu.sg/non-academic-staff/
362,chuningn@nus.edu.sg,https://pharmacy.nus.edu.sg/non-academic-staff/
363,phangsy@nus.edu.sg,https://pharmacy.nus.edu.sg/non-academic-staff/
364,jenessa@nus.edu.sg,https://pharmacy.nus.edu.sg/non-academic-staff/
365,phats@nus.edu.sg,https://pharmacy.nus.edu.sg/non-academic-staff/
366,phasec@nus.edu.sg,https://pharmacy.nus.edu.sg/non-academic-staff/
367,phaangsh@nus.edu.sg,https://pharmacy.nus.edu.sg/non-academic-staff/
368,scy@nus.edu.sg,https://pharmacy.nus.edu.sg/non-academic-staff/
369,phajmj@nus.edu.sg,https://pharmacy.nus.edu.sg/non-academic-staff/
370,phalpp@nus.edu.sg,https://pharmacy.nus.edu.sg/non-academic-staff/
371,phanwc@nus.edu.sg,https://pharmacy.nus.edu.sg/non-academic-staff/
372,phass@nus.edu.sg,https://pharmacy.nus.edu.sg/non-academic-staff/
373,phawmy@nus.edu.sg,https://pharmacy.nus.edu.sg/non-academic-staff/
374,phaysl@nus.edu.sg,https://pharmacy.nus.edu.sg/non-academic-staff/
375,phaleehy@nus.edu.sg,https://pharmacy.nus.edu.sg/non-academic-staff/
376,phaps@nus.edu.sg,https://pharmacy.nus.edu.sg/non-academic-staff/
377,phatsh@nus.edu.sg,https://pharmacy.nus.edu.sg/non-academic-staff/
378,phaweeb@nus.edu.sg,https://pharmacy.nus.edu.sg/non-academic-staff/
379,covid@escoglobal.com,http://www.escoaster.com/index.php
380,mail@escoaster.com,http://www.escoaster.com/index.php
381,sumardi@escoglobal.com,http://www.escoaster.com/index.php
382,virgilio@escoglobal.com,http://www.escoaster.com/index.php
383,enquiry@nus.edu.sg,http://map.nus.edu.sg/
384,pharma@escoglobal.com,http://www.escoaster.com/contact-us/
385,info@escoglobal.com,http://www.escopharma.com/
386,mail@tapestlerx.com,http://www.escohealthcare.com/
387,mail@vaccixcell.com,http://www.escohealthcare.com/
388,mail@escoglobal.com,http://www.escoglobal.com/
389,phabox12@nus.edu.sg,https://pharmacy.nus.edu.sg/newsletter/
390,datasubjectrights@mckinsey.com,https://www.mckinsey.com/privacy-policy
391,global_unsubscribes@mckinsey.com,https://www.mckinsey.com/privacy-policy
392,procurementleads@bain.com,https://www.bain.com/about/sustainable-procurement-policy/
393,smith@bain.com,https://www.bain.com/about/terms/
394,beta@tictrac.com,https://track.healthhub.sg
395,reprints@mckinsey.com,https://www.mckinsey.com/frequently-asked-questions/our-insights
396,tfecosperity@temasekfoundation.org.sg,https://www.sgmem.sg/temasek-foundation-seeking-solutions-to-combat-outbreak-of-infectious-diseases/
397,kelven@imagineh2o.org,https://www.sgmem.sg/imagine-h2o-asia-accelerator-program/
398,pub_globalhydrohub@pub.gov.sg,https://www.sgmem.sg/invitation-to-pubs-grant-call-information-session-on-12-dec-2019/
399,giving@singhealth.com.sg,https://www.singhealth.com.sg/giving
400,hsa_ma@hsa.gov.sg,https://www.hsa.gov.sg/health-supplements/advertisements-and-promotions-of-medicinal-products
401,bizinfo@sg.marshallcavendish.com,https://www.timesdirectories.com/
402,privacy@philips.com,https://www.philips.com.sg/a-w/cookie-notice.html
403,febianti@informa.com,https://www.pharmaconasia.com/virtual-networking-opportunities/
404,wong@informa.com,https://www.pharmaconasia.com/virtual-networking-opportunities/
405,chin@informa.com,https://www.pharmaconasia.com/virtual-networking-opportunities/
406,thian@informa.com,https://www.pharmaconasia.com/virtual-networking-opportunities/
407,leong@informa.com,https://www.pharmaconasia.com/virtual-networking-opportunities/
408,tan@informa.com,https://www.pharmaconasia.com/virtual-networking-opportunities/
409,register@informa.com,https://www.pharmaconasia.com/virtual-networking-opportunities/
410,request@concur.com,https://www.concur.com.sg/privacy-policy
411,privacy@sap.com,https://www.concur.com.sg/privacy-policy
412,moe_sgis@moe.gov.sg,https://www.singaporeindustryscholarship.sg/sgis-system-login
413,hsa_info@hsa.gov.sg,https://www.hsa.gov.sg/hsa-data-protection-policy
414,helpdesk@hsahelp.gov.sg,https://www.hsa.gov.sg/contact-us
415,hsa_is@hsa.gov.sg,https://www.hsa.gov.sg/contact-us
416,hsa_cmlpt@hsa.gov.sg,https://www.hsa.gov.sg/contact-us
417,hsa_cml@hsa.gov.sg,https://www.hsa.gov.sg/contact-us
418,hsa_pd_enquiry@hsa.gov.sg,https://www.hsa.gov.sg/contact-us
419,relations@philips.com,https://www.philips.com/a-w/about/investor.html
420,hsa_tp_sar@hsa.gov.sg,https://www.hsa.gov.sg/therapeutic-products/register/special-access-routes/import-for-patients
421,hsa_tp_sc@hsa.gov.sg,https://www.hsa.gov.sg/therapeutic-products/register/special-access-routes/special-consignment-by-a-product-registrant
422,hsa_md_sa@hsa.gov.sg,https://www.hsa.gov.sg/medical-devices/registration/special-access-routes/custom-made-devices
423,hsa_md_info@hsa.gov.sg,https://www.hsa.gov.sg/medical-devices/registration/special-access-routes/import-unregistered-devices-exhibition
424,hsa_tp_enquiry@hsa.gov.sg,https://www.hsa.gov.sg/therapeutic-products/register/special-access-routes/emergency-use-pathway-for-therapeutic-product
425,customercarecenter@philips.com,https://www.philips.com.sg/healthcare/about/contact
426,hsa_cpm@hsa.gov.sg,https://www.hsa.gov.sg/chinese-proprietary-medicines/listing/transfer
427,sg@ferring.com,https://www.ferring.sg/en/global/privacy/
428,ferringcsr@ferring.com,https://www.ferring.sg/en/responsibility/
429,animal_feedback@nparks.gov.sg,https://www.hsa.gov.sg/therapeutic-products/dealers-licence/overview
430,hsa_medical_device@hsa.gov.sg,https://www.hsa.gov.sg/medical-devices/field-safety-corrective-action/how-to-report
431,hsa_md_tech@hsa.gov.sg,https://www.hsa.gov.sg/medical-devices/registration/priority-review-scheme
432,bizmktg@sg.marshallcavendish.com,https://www.pharmbiosingapore.com/contact-us
433,bizinfo@my.marshallcavendish.com,https://www.pharmbiosingapore.com/contact-us
434,bizinfo@hk.marshallcavendish.com,https://www.pharmbiosingapore.com/contact-us
435,info@greenworldmedia.co.th,https://www.pharmbiosingapore.com/contact-us
436,hsa_ct_sae@hsa.gov.sg,https://www.hsa.gov.sg/clinical-trials/adverse-events
437,hsa_trb@hsa.gov.sg,https://www.hsa.gov.sg/tobacco-regulation/overview
438,hsa_innovationoffice@hsa.gov.sg,https://www.hsa.gov.sg/clinical-trials/innovation-office
439,hsa_productsafety@hsa.gov.sg,https://www.hsa.gov.sg/therapeutic-products/adverse-events
440,oreilly@philips.com,https://www.philips.com.sg/healthcare/about/press
441,klink@philips.com,https://www.philips.com.sg/healthcare/about/press
442,incenter@philips.com,https://www.philips.com.sg/healthcare/about/customer-support/product-security
443,productsecurity@philips.com,https://www.philips.com.sg/healthcare/about/customer-support/product-security
444,fante@philips.com,https://www.philips.com.sg/healthcare/about/customer-support/product-security
445,sg@informa.com,https://www.pharmaconasia.com/pricing/
