,email,link
0,,
1,sales@optimalmedical.com.sg,https://www.optimalmedical.com.sg/product/fracture-bedpan/
2,hsa_info@hsa.gov.sg,https://www.hsa.gov.sg/hsa-data-protection-policy
3,helpdesk@hsahelp.gov.sg,https://www.hsa.gov.sg/e-services/medics
4,hsa_is@hsa.gov.sg,https://www.hsa.gov.sg/contact-us
5,hsa_cmlpt@hsa.gov.sg,https://www.hsa.gov.sg/contact-us
6,hsa_cml@hsa.gov.sg,https://www.hsa.gov.sg/contact-us
7,hsa_pd_enquiry@hsa.gov.sg,https://www.hsa.gov.sg/contact-us
8,jsmith@yourdomain.com,https://www.singapore.rgf-executive.com/
9,spore@recruitexpress.com.sg,https://www.recruitexpress.com.sg
10,sales@transinstruments.com,http://www.transinstruments.com/
11,loader@2x.gif,http://sterilmedical.com/
12,info@scanmed.com.sg,https://scanmed.com.sg/syndaver-synthetic-cadavers/
13,contactus@hoya.com,https://hoyasurgicaloptics.com/html/page.php?page_id=14
14,gulbicki@hoya.com,https://hoyasurgicaloptics.com/html/page.php?page_id=14
15,info@aglowaesthetics.com,https://www.aglowaesthetics.com/sitemap
16,gorsic@fotona.com_54efc6600aad0000a8dcfe242c43569d_,https://www.fotona.com/en/
17,privacy@fotona.com,https://www.fotona.com/en/
18,medicare@singnet.com.sg,https://medicare.com.sg/sitemap/
19,sales@beacons.com.sg,http://www.beacons.com.sg/contact.php
20,hr@beacons.com.sg,http://www.beacons.com.sg/contact.php
21,info@cadi.com.sg,https://cadi.com.sg/
22,dmm@acertus.com,http://www.acertus.com/contact-form/
23,enquiry@acertus.com,http://www.acertus.com/contact-form/
24,john@pharma.com,https://dpseng.com.sg/computer-systems-validation/
25,hsa_tp_enquiry@hsa.gov.sg,https://www.hsa.gov.sg/therapeutic-products/register/special-access-routes/emergency-use-pathway-for-therapeutic-product
26,hsa_tp_sc@hsa.gov.sg,https://www.hsa.gov.sg/therapeutic-products/register/special-access-routes/special-consignment-by-a-product-registrant
27,hsa_md_info@hsa.gov.sg,https://www.hsa.gov.sg/medical-devices/registration/special-access-routes/import-unregistered-devices-exhibition
28,hsa_md_sa@hsa.gov.sg,https://www.hsa.gov.sg/medical-devices/registration/special-access-routes/custom-made-devices
29,cdc@welchallyn.com,https://www.welchallyn.com/en.html
30,hsa_cpm@hsa.gov.sg,https://www.hsa.gov.sg/chinese-proprietary-medicines/listing/transfer
31,animal_feedback@nparks.gov.sg,https://www.hsa.gov.sg/therapeutic-products/dealers-licence/overview
32,hsa_medical_device@hsa.gov.sg,https://www.hsa.gov.sg/medical-devices/field-safety-corrective-action/how-to-report
33,hsa_md_tech@hsa.gov.sg,https://www.hsa.gov.sg/medical-devices/registration/priority-review-scheme
34,hsa_innovationoffice@hsa.gov.sg,https://www.hsa.gov.sg/clinical-trials/innovation-office
35,hsa_trb@hsa.gov.sg,https://www.hsa.gov.sg/tobacco-regulation/tobacco-retailer-educational-video-and-quiz
36,hsa_ct_sae@hsa.gov.sg,https://www.hsa.gov.sg/clinical-trials/adverse-events
37,hsa_ma@hsa.gov.sg,https://www.hsa.gov.sg/chinese-proprietary-medicines/advertisements-medicinal-products-tmm
38,hsa_productsafety@hsa.gov.sg,https://www.hsa.gov.sg/therapeutic-products/adverse-events
39,sales@lifemedic.sg,https://lifemedic.sg/
40,dpo@orangevalley.sg,https://lifemedic.sg/cat6.html
41,bizinfo@sg.marshallcavendish.com,https://www.singaporemedtech.com/categories/hospital-equipment-supplies-1?page=4
42,enquiries@oceanmaster.com.sg,https://www.singaporemedtech.com/products/ceiling-and-mobile-hoist-lift
43,sales@asiateck.com.sg,https://www.singaporemedtech.com/products/ceiling-and-mobile-hoist-lift
44,sales@alphamed.com.sg,https://www.singaporemedtech.com/companies/alphamed-pte-ltd
45,sales@umedic.com.sg,https://www.singaporemedtech.com/companies/umedic-pte-ltd
46,irene@umedic.com.sg,https://www.singaporemedtech.com/companies/umedic-pte-ltd
47,lozon@lozon.com.sg,http://www.lozon.com.sg
48,bizmktg@sg.marshallcavendish.com,https://www.singaporemedtech.com/contact-us
49,bizinfo@my.marshallcavendish.com,https://www.singaporemedtech.com/contact-us
50,bizinfo@hk.marshallcavendish.com,https://www.singaporemedtech.com/contact-us
51,info@greenworldmedia.co.th,https://www.singaporemedtech.com/contact-us
52,training@dpseng.com,https://dpseng.com.sg/privacy-policy/
53,ng_meng_li@edb.gov.sg,https://www.edb.gov.sg/en/other-pages/terms.html
54,kem1@pharmex.com.sg,https://www.medicalsupplies.com.sg/contact
55,oth@pharmex.com.sg,https://www.medicalsupplies.com.sg/contact
56,office@apotheca.com.sg,https://apotheca.com.sg/why-apotheca/
57,edbwhistleblower@kpmg.com.sg,https://www.edb.gov.sg/en/other-pages/whistleblowing.html
58,creaner@getreskilled.com,https://dpseng.com.sg/frequently-asked-questions-faq/
59,welch@getreskilled.com,https://dpseng.com.sg/frequently-asked-questions-faq/
60,zowaco@zowamedical.com.sg,https://zowacare.com/product-category/bp-monitor/
61,zowacare@zowamedical.com.sg,https://zowacare.com/product-category/bp-monitor/
62,moh_info@moh.gov.sg,https://elis.moh.gov.sg/elis/info.do?task=guidelines&section=PrivacyStatement
63,elishelpdesk@ncs.com.sg,https://elis.moh.gov.sg/elis/info.do?task=contactinfo
64,export@mylife999.com,https://www.cn1699.com/showroom/export-1516-my-life-medical-apparatus-and-instruments-co-ltd-nbsp-
65,phil@asiafireworks.com,https://www.cn1699.com/showroom/fireworks-trade-exhibitions-and-conferences-philippines-inc-
66,medical@cn1699.com,https://www.cn1699.com/showroom/cn1699-services
67,lori@cn1699.com,https://www.cn1699.com/showroom/cn1699-services
68,jennilyn@cn1699.com,https://www.cn1699.com/showroom/cn1699-services
69,jennilyn@chenyangtrade.com,https://www.cn1699.com/showroom/cn1699-services
70,grace@chenyangtrade.com,https://www.cn1699.com/showroom/cn1699-services
71,mbs@gov.pdf,https://www.mbs.gov.sg
72,support@corppass.gov.sg,https://www.mbs.gov.sg
73,support@singpass.gov.sg,https://www.mbs.gov.sg
74,helpdesk@assurity.sg,https://www.mbs.gov.sg
75,pharma@escoglobal.com,http://www.escopharma.com/product-details.php?productId=32&pg=pdt
76,info@escoglobal.com,http://www.escopharma.com/product-details.php?productId=32&pg=pdt
77,vietnam@escoglobal.com,http://vn.escoglobal.com
78,sales1@escoglobal.com,http://escolifesciences.co.th
79,mail@escoglobal.com,http://my.escoglobal.com
80,malaysia@escoglobal.com,http://my.escoglobal.com
81,covid@escoglobal.com,http://my.escoglobal.com
82,strydom@escoglobal.com,http://za.escoglobal.com
83,haymarn@escoglobal.com,http://escolifesciences.com.mm/
84,sales@escoglobal.com,http://escolifesciences.com.mm/
85,philippines@escoglobal.com,http://www.escoglobal.com.ph
86,wibisono@escoglobal.com,http://escolifesciences.co.id
87,admin@escoglobal.com,http://escolifesciences.us
88,russia@escoglobal.com,http://escolifesciences.ru
89,ops@escoglobal.com,http://escolifesciences.eu
90,agsalon@escoglobal.com,http://www.escoglobal.com/privacy-policy.php
91,pharma@escoglobal.com.com,http://www.escoglobal.com/corporate.php
92,nardolillo@escoglobal.com,http://www.escoglobal.com/corporate.php
93,heah@escoglobal.com,http://www.escoglobal.com/corporate.php
94,service2@escoglobal.com,http://www.escoglobal.com/corporate.php
95,customerservice1@escoglobal.com,http://www.escoglobal.com/corporate.php
96,mail@escolifesciences.cn,http://www.escoglobal.com/corporate.php
97,mail@escolifesciences.hk,http://www.escoglobal.com/corporate.php
98,india@escoglobal.com,http://www.escoglobal.com/corporate.php
99,service1@escoglobal.com,http://www.escoglobal.com/corporate.php
100,info@escoglobal.co.kr,http://www.escoglobal.com/corporate.php
101,mail@escolifesciences.tw,http://www.escoglobal.com/corporate.php
102,middleeast@escoglobal.com,http://www.escoglobal.com/corporate.php
103,relations@tektronix.com,https://news.tektronix.com/
104,tekamericas@tektronix.com,https://www.surveygizmo.com/s3/4165364/www-nps-web-survey
105,mktg@tek.com,https://sg.tek.com/
106,exec1@escoglobal.com,http://www.escoglobal.com/esco-request-quotation.php
107,bhojwani@escoglobal.com,http://www.escoglobal.de
108,support@escoglobal.com,http://www.escoglobal.com/support/warranty-policies/77/
109,t@tilleke.com,https://www.tilleke.com/index.php?q=resources/country-overview-medical-devices-vietnam
110,bangkok@tilleke.com,https://www.tilleke.com/index.php?q=resources/country-overview-medical-devices-vietnam
111,byt@moh.gov.vn,https://www.tilleke.com/index.php?q=resources/country-overview-medical-devices-vietnam
112,s@tilleke.com,https://www.tilleke.com/contact
113,vietnam@tilleke.com,https://www.tilleke.com/contact
114,indonesia@tilleke.com,https://www.tilleke.com/contact
115,cambodia@tilleke.com,https://www.tilleke.com/contact
116,lao@tilleke.com,https://www.tilleke.com/contact
117,myanmar@tilleke.com,https://www.tilleke.com/contact
118,info@apacmed.org,https://apacmed.org/resources/board-member-content/
119,gsim@apacmed.org,https://apacmed.org/medtech-forum/past-medtech-forums/
120,info@apacmed.com,https://apacmed.org/about-us/contact/
121,v@tilleke.com,https://www.tilleke.com/practices/transportation
122,f@tilleke.com,https://www.tilleke.com/practices/transportation
123,tt@tilleke.com,https://www.tilleke.com/practices/transportation
124,c@tilleke.com,https://www.tilleke.com/practices/transportation
125,p@tilleke.com,https://www.tilleke.com/practices/transportation
126,a@tilleke.com,https://www.tilleke.com/practices/tax
127,r@tilleke.com,https://www.tilleke.com/practices/technology
128,h@tilleke.com,https://www.tilleke.com/practices/regulatory-affairs
129,k@tilleke.com,https://www.tilleke.com/practices/property
130,m@tilleke.com,https://www.tilleke.com/practices/insurance
131,n@tilleke.com,https://www.tilleke.com/practices/insurance
132,b@tilleke.com,https://www.tilleke.com/practices/energy
133,j@tilleke.com,https://www.tilleke.com/practices/IP
134,d@tilleke.com,https://www.tilleke.com/practices/litigation
135,t@tillekeandgibbins.com,https://www.tilleke.com/firm/community/textiles
136,contact_nea@nea.gov.sg,https://play.google.com/store/apps/details?id=sg.gov.nea&hl=en
137,contact@andamanmed.com,https://www.andamanmed.com/news-events/
138,info@cleanenvirosummit.sg,https://www.cleanenvirosummit.sg/
139,nea_rpnsd_licence@nea.gov.sg,https://www.nea.gov.sg/our-services/radiation-safety/adminstrative-changes-to-n2-and-n3-non-ionising-radiation-licences/frequently-asked-questions
140,ang_sern_hong@nea.gov.sg,https://www.nea.gov.sg/our-services/radiation-safety/lasers/information-on-laser-pointers
141,hoo_wee_teck@nea.gov.sg,https://www.nea.gov.sg/our-services/radiation-safety/information-on-the-control-of-radiation-emitting-equipment-and-substances
142,alvin_lee@nea.gov.sg,https://www.nea.gov.sg/our-services/radiation-safety/information-on-the-control-of-radiation-emitting-equipment-and-substances
143,joel_low@nea.gov.sg,https://www.nea.gov.sg/our-services/radiation-safety/information-on-the-control-of-radiation-emitting-equipment-and-substances
144,yim_kok_kean@nea.gov.sg,https://www.nea.gov.sg/our-services/radiation-safety/information-on-the-control-of-radiation-emitting-equipment-and-substances
145,shanmugam_narasuman@nea.gov.sg,https://www.nea.gov.sg/our-services/radiation-safety/information-on-the-control-of-radiation-emitting-equipment-and-substances
146,nea_rpnsd_tradenet@nea.gov.sg,https://www.nea.gov.sg/our-services/radiation-safety/information-on-the-control-of-radiation-emitting-equipment-and-substances
147,lee_chee_keong@nea.gov.sg,https://www.nea.gov.sg/our-services/radiation-safety/information-on-the-control-of-radiation-emitting-equipment-and-substances
148,chai_chiang_yap@nea.gov.sg,https://www.nea.gov.sg/our-services/radiation-safety/information-on-the-control-of-radiation-emitting-equipment-and-substances
149,parthiban_b@nea.gov.sg,https://www.nea.gov.sg/our-services/radiation-safety/information-on-the-control-of-radiation-emitting-equipment-and-substances
150,wong_chee_hann@nea.gov.sg,https://www.nea.gov.sg/our-services/radiation-safety/information-on-the-control-of-radiation-emitting-equipment-and-substances
151,yeo_chok_lih@nea.gov.sg,https://www.nea.gov.sg/our-services/radiation-safety/information-on-the-control-of-radiation-emitting-equipment-and-substances
152,how_chu_leng@nea.gov.sg,https://www.nea.gov.sg/our-services/radiation-safety/information-on-the-control-of-radiation-emitting-equipment-and-substances
153,sheikh_md_akbari@nea.gov.sg,https://www.nea.gov.sg/our-services/radiation-safety/information-on-the-control-of-radiation-emitting-equipment-and-substances
154,chan_khin_teck@nea.gov.sg,https://www.nea.gov.sg/our-services/radiation-safety/information-on-the-control-of-radiation-emitting-equipment-and-substances
155,media@nea.gov.sg,https://www.nea.gov.sg/media
156,lu_honghong@nea.gov.sg,https://www.nea.gov.sg/programmes-grants/schemes
157,pitt_yu_zhe@nea.gov.sg,https://www.nea.gov.sg/programmes-grants/schemes
158,port_health_cro@nea.gov.sg,https://www.nea.gov.sg/our-services/port-health
159,contact_mhd@mom.gov.sg,https://www.nea.gov.sg/our-services/development-control
160,alex_chen@apacmed.org,https://apacmed.org/about-us/faq/
161,sales_enquiry@biomedix.com.sg,http://biomedix.com.sg/contact/
162,sales_enquiry@biomedix.com.my,http://biomedix.com.sg/contact/
163,enquiry@biomedix.com.au,http://biomedix.com.sg/contact/
164,sales@sundray.com,http://m.sundray.com/declaration/index59.html
165,events@tilleke.com,https://www.tilleke.com/rss.xml
166,info@eubusinessavenues.com,https://www.eubusinessavenues.com/privacy-policy
167,sales@lifeline.com.sg,https://www.lifeline.com.sg/shop/categories/
168,info@igus.de,https://www.igus.sg/r05/staticContent/dse/dse_DEen.htm
169,datenschutz@igus.de,https://www.igus.sg/r05/staticContent/dse/dse_DEen.htm
170,info@ru.yokogawa.com,http://www.yokogawa.ru/
171,centre@sg.yokogawa.com,http://vigilantplant.yokogawa.com.sg/sites/LCMWebPortal/Training/Pages/CourseOverview.aspx?_ga=2.114473607.1853745030.1503928772-1188480483.1495558047
172,sales@enertech.com.pk,https://www.yokogawa.com/sg/contact/
173,tobutler@stendard.io,https://solution.stendard.io/
174,butler@stendard.io,https://solution.stendard.io/
175,contact@stendard.io,https://www.stendard.io/contact
176,sales@spdscientific.com,http://www.biomediaholdings.com/contact/
177,sales@qtinstruments.com,http://www.biomediaholdings.com/contact/
178,my@spdscientific.com,http://www.biomediaholdings.com/contact/
179,bmt@biomediaholdings.com,http://www.biomediaholdings.com/contact/
180,mis@biomediaholdings.com,https://www.biomediaholdings.com/author/admin/
181,sr@lifeline.com.sg,https://lifelinecorp.com/sg/category/featured/
182,sales@lifeline.com.my,https://lifelinecorp.com/sg/category/featured/
183,sales@lifelinecorp.com.ph,https://lifelinecorp.com/sg/category/featured/
184,sales@lifelinecorp.com.au,https://lifelinecorp.com/sg/category/featured/
185,sales@racer.com.sg,http://www.racermedical.com.sg/contact.php
186,ace_hta@moh.gov.sg,https://www.ace-hta.gov.sg/about-us.html
187,businessmatching_sg@businessavenues.eu,https://www.eubusinessavenues.com/business-missions/healthcare-medical-technologies/healthcare-medical-technologies---business-meetings
188,businessmatching_th@businessavenues.eu,https://www.eubusinessavenues.com/business-missions/healthcare-medical-technologies/healthcare-medical-technologies---business-meetings
189,yap@eubusiness.avenues.com,https://www.eubusinessavenues.com/contact-us
190,teo@eubusinessavenues.com,https://www.eubusinessavenues.com/contact-us
191,businessmatching_vn@businessavenues.eu,https://www.eubusinessavenues.com/contact-us
192,businessmatching_my@businessavenues.eu,https://www.eubusinessavenues.com/contact-us
193,businessmatching_ph@businessavenues.eu,https://www.eubusinessavenues.com/contact-us
194,businessmatching_id@businessavenues.eu,https://www.eubusinessavenues.com/contact-us
195,koh@eubusinessavenues.com,https://www.eubusinessavenues.com/contact-us
196,lay@eubusinessavenues.com,https://www.eubusinessavenues.com/contact-us
197,chan@eubusinessavenues.com,https://www.eubusinessavenues.com/business-missions/healthcare-medical-technologies/healthcare-medical-technologies---contact-us
198,singapore@castorwheel.com,https://www.castorwheel.com/blog-section/news
199,east@castorwheel.com,https://www.castorwheel.com/blog-section/news
200,west@castorwheel.com,https://www.castorwheel.com/blog-section/news
201,sales@leehung.com,http://www.leehung.com/newsdetail/News/Get-Your-Texture-Analyzer-CONNECTED
202,my@leehung.com,http://www.leehung.com/newsdetail/News/Get-Your-Texture-Analyzer-CONNECTED
203,info@alllinkmedical.com,https://alllinkmedical.sg/my-account/
204,onlineorder@alllinkmedical.com,https://alllinkmedical.sg/my-account/
205,yati@leehung.com,http://www.leehung.com/newsdetail/Promotion/Circuit-Breaker-Sale
206,20jane@leehung.com,http://www.leehung.com/newsdetail/Promotion/Circuit-Breaker-Sale
207,jane@leehung.com,http://www.leehung.com/newsdetail/Promotion/Circuit-Breaker-Sale
208,service@leehung.com,http://www.leehung.com/Contact
209,castor@ukai.com.my,https://www.castorwheel.com/contact
210,klang@ukai.com.my,https://www.castorwheel.com/contact
211,penang@ukai.com.my,https://www.castorwheel.com/contact
212,johor@ukai.com.my,https://www.castorwheel.com/contact
213,indonesia@castorwheel.com,https://www.castorwheel.com/contact
214,batam@castorwheel.com,https://www.castorwheel.com/contact
215,thailand@castorwheel.com,https://www.castorwheel.com/contact
216,bowin@castorwheel.com,https://www.castorwheel.com/contact
217,vietnam@castorwheel.com,https://www.castorwheel.com/contact
218,hanoi@castorwheel.com,https://www.castorwheel.com/contact
219,danang@castorwheel.com,https://www.castorwheel.com/contact
220,dongnai@castorwheel.com,https://www.castorwheel.com/contact
221,philippines@castorwheel.com,https://www.castorwheel.com/contact
