,email,link
0,,
1,enquiries@westmeadpharmacy.com,http://www.westmeadpharmacy.com/faqs
2,support@westmeadpharmacy.com,http://www.westmeadpharmacy.com/faqs
3,bootstrap@3.4,https://www.pfizer.com.sg/terms-use
4,dpo@hyphens.com,http://www.hyphens.com.sg/privacy-policy/
5,contact@aslanpharma.com,http://aslanpharma.com/zh/contact/
6,careers@aslanpharma.com,http://aslanpharma.com/zh/contact/
7,privacyoffice@takeda.com,https://www.takeda.com/privacy-notice/
8,privacyoffice@amgen.com,https://www.amgen.com.sg/privacy-statement/
9,info@medicellpharma.com,http://www.medicellpharma.com/privacy-policy/
10,GroupDPO@viforpharma.com,https://www.viforpharma.sg/site-services/privacy-policy
11,dataprivacy_EEArep@viforpharma.com,https://www.viforpharma.sg/site-services/privacy-policy
12,safety@viforpharma.com,https://www.viforpharma.sg/site-services/privacy-policy
13,ASMcareers@amgen.com,https://www.amgen.com.sg/en-sg/contact-us/
14,sg@amgen.com,https://www.amgen.com.sg/en-sg/contact-us/
15,JAPAC@amgen.com,https://www.amgen.com.sg/en-sg/contact-us/
16,relations@amgen.com,https://wwwext.amgen.com/contact-us/
17,talentacquisitioninquiries@amgen.com,https://wwwext.amgen.com/contact-us/
18,accountspayableinquiry@amgen.com,https://wwwext.amgen.com/contact-us/
19,info_ap@viforpharma.com,https://www.viforpharma.sg/about-vifor-pharma/partnerships
20,tw@amgen.com,https://www.amgen.com.tw/zh-tw/
21,croatia@amgen.com,https://www.amgen.hr/
22,Communications@takeda.com,https://www.takeda.com/who-we-are/company-information/worldwide-offices/eucan-bu/
23,global_csr_program@takeda.com,https://www.takeda.com/corporate-responsibility/global-csr-program/
24,Takeda_Garden@takeda.co,https://www.takeda.com/our-stories/caring/Safeguarding-Plant-Diversity-for-Future-Generations/
25,T_CiRA@takeda.co,https://www.takeda.com/what-we-do/t-cira/
26,sustainableprocurement@takeda.com,https://www.takeda.com/what-we-do/suppliers/sustainable-procurement/
27,supplierdiversity@takeda.com,https://www.takeda.com/what-we-do/suppliers/supplier-diversity/
28,ExpandedAccess@Takeda.com,https://www.takeda.com/what-we-do/access-to-medicines/pre-approval-access/
29,ExpandedAccess@takeda.com,https://www.takeda.com/what-we-do/access-to-medicines/pre-approval-access/
30,shire@gmail.com,https://www.takeda.com/what-we-do/suppliers/shire-supplier-information/
31,Comms@shire.com,https://www.takeda.com/what-we-do/suppliers/shire-supplier-information/
32,poprocessing@shire.com,https://www.takeda.com/what-we-do/suppliers/shire-supplier-information/
33,research@takeda.com,https://www.takeda.com/what-we-do/research-and-development/investigator-initiated-research/
34,GlobalOncologyMedinfo@takeda.com,https://www.takedaoncology.com
35,medicalinformation@takeda.com,https://www.takedaoncology.com
36,someone@example.com,https://www.takeda.com/who-we-are/contact-us/
37,address@example.com,https://www.takeda.com/who-we-are/contact-us/
38,Media_Relations@takeda.com,https://www.takeda.com/newsroom/
39,contact@cennervpharma.com,https://cennervpharma.com/contact/
40,investor@aslanpharma.com,https://ir.aslanpharma.com/
41,vulnerability_disclosure@tech.gov,https://www.tech.gov.sg/report_vulnerability
42,SPC@spb.gov,https://www.healthprofessionals.gov.sg/spc/feedback
43,jun_wee_tan@nhg.com,https://www.healthprofessionals.gov.sg/spc/registered-pharmacists/spc-accredited-pharmacy-preceptor-training-programme
44,whpconsultancy@sgh.com,https://www.healthprofessionals.gov.sg/spc/registered-pharmacists/spc-accredited-pharmacy-preceptor-training-programme
45,styles@0.0,https://www.pfizer.com/general/global_sites
46,webmaster@abbott.com,https://www.abbott.com.sg/privacy.html
47,sgdpo@abbott.com,https://www.abbott.com.sg/privacy.html
48,CustomerCareFreeStyleCanada@abbott.com,https://www.abbott.com.sg/contact.Canada.html
49,sverige@abbott.se,https://www.abbott.com.sg/contact.Sweden.html
50,abbott@pec.it,https://www.abbott.com.sg/contact.Italy.html
51,supportoamministrativo@abbott.com,https://www.abbott.com.sg/contact.Italy.html
52,ricezioneordini@abbott.com,https://www.abbott.com.sg/contact.Italy.html
53,ufficioordini@pec.it,https://www.abbott.com.sg/contact.Italy.html
54,add_italy_tender@abbott.com,https://www.abbott.com.sg/contact.Italy.html
55,ufficiogare@pec.it,https://www.abbott.com.sg/contact.Italy.html
56,servizioclienti@abbott.com,https://www.abbott.com.sg/contact.Italy.html
57,amdcustomercare@abbott.com,https://www.abbott.com.sg/contact.Italy.html
58,ordini@abbott.com,https://www.abbott.com.sg/contact.Italy.html
59,ordini@av.abbott,https://www.abbott.com.sg/contact.Italy.html
60,avmilancustomer@pec.av,https://www.abbott.com.sg/contact.Italy.html
61,info@abbott.hu,https://www.abbott.com.sg/contact.Hungary.html
62,au@abbott.com,https://www.abbott.com.sg/contact.Australia.html
63,customerserviceaustralia@abbott.com,https://www.abbott.com.sg/contact.Australia.html
64,medicalinformation@abbott.com,https://www.abbott.com.sg/contact.Australia.html
65,acs@av.abbott,https://www.abbott.com.sg/contact.Australia.html
66,enquiry@apexpharmacy.com,http://www.apexpharmacy.com.sg/contact-us
67,apexhr@apexpharmacy.com,http://www.apexpharmacy.com.sg/contact-us
68,itdept@apexpharmacy.com,http://www.apexpharmacy.com.sg/contact-us
69,enquiry@apexpharma.com,http://online.apexpharma.com.sg
70,hr@hyphens.com,http://www.hyphens.com.sg/careers/
71,hqaereporting@hyphens.com,http://www.hyphens.com.sg/contact-us/
72,connect@hyphens.com,http://www.hyphens.com.sg/contact-us/
73,tan@gmail.com,https://myfemcare.com.sg/lemon-verbena
74,jpg@2x.jpg,http://ph.betadine.com/en/home
75,info@pharmaboardroom.com,https://pharmaboardroom.com/contact
76,response@gilead.com,https://www.gilead.com/purpose/advancing-global-health/covid-19
77,wordpress@5.4,https://www.efusiontech.com
78,contact@efusiontech.com,https://www.efusiontech.com
79,privacyoffice@abbvie.com,https://www.abbvie.com.sg/privacy.html
80,info@airliquide.com,https://industry.airliquide.sg/credits
81,Integrity@westpharma.com,https://www.westpharma.com/privacy-policy
82,dpo@airliquide.com,https://industry.airliquide.sg/legal-notice
83,gradyan@dksh.com,https://www.dksh.com/global-en/home/about-us/what-we-do/market-expansion-services
84,deng@dksh.com,https://www.dksh.com/global-en/home/about-us/what-we-do/market-expansion-services
85,service@mauricelacroix.de,https://www.dksh.com/global-en/home/about-us/what-we-do/market-expansion-services
86,varma@silbury.com,https://www.dksh.com/sg-en/home/media/news
87,pdpa@nhcs.com,https://www.nhcs.com.sg/about-us/corporate-profile/pdpa
88,communications@dksh.com,https://www.dksh.com/global-en/home/technology/product-search?sup=antunes
89,lim@dksh.com,https://www.dksh.com/global-en/home/technology/product-search?sup=antunes
90,sethi@dksh.com,https://www.dksh.com/sg-en/personal-contact-form?dksh_contact=1412869125301
91,sin@dksh.com,https://www.dksh.com/sg-en/home/healthcare
92,reger@dksh.com,https://www.dksh.com/sg-en/home/healthcare
93,hec@dksh.com,https://www.dksh.com/my-en/home
94,saipan@dksh.com,https://www.guamwatches.com/caronel-lifestyle
95,Myanmar@dksh.com,https://www.dksh.com/mm-en/home
96,Lai@westpharma.com,https://investor.westpharma.com/news-releases/news-release-details/west-pharmaceutical-services-inc-join-sp-500-index
97,Pelkowski@westpharma.com,https://investor.westpharma.com/news-releases/news-release-details/west-pharmaceutical-services-inc-join-sp-500-index
98,name@provider.com,"https://www.glassdoor.sg/Overview/Working-at-West-Pharmaceutical-Services-EI_IE729.11,39.htm?countryRedirect=true"
99,youremail@gmail.com,https://westpharma.us9.list-manage.com/subscribe?u=5e0afb2639e4a13561a3ba155&id=7ca525a655
100,PharmaceuticalServices@westpharma.com,https://westpharma.us9.list-manage.com/subscribe?u=5e0afb2639e4a13561a3ba155&id=7ca525a655
101,qaccs@westpharma.com,https://www.westpharma.com/support/quality-support
102,complaints@westpharma.com,https://www.westpharma.com/support/quality-support
103,recall@westpharma.com,https://www.westpharma.com/support/alerts-and-notices
104,coronavirusupdate@westpharma.com,https://www.westpharma.com/support/company-impact-updates
105,LastName@westpharma.com,https://www.westpharma.com/careers/singapore
106,Talent@westpharma.com,https://www.westpharma.com/careers/singapore
107,websitesupport@westpharma.com,https://www.westpharma.com/support/knowledge-center
108,ote@nhcs.com,https://www.nhcs.com.sg/education-training/fellowships
109,education@nhcs.com,https://www.nhcs.com.sg/education-training/undergraduate-programme/undergraduate-programme
110,c@nhcs.com,https://www.nhcs.com.sg/research-innovation/clinical-trials/clinical-trials
111,wanshan@nhcs.com,https://www.nhcs.com.sg/research-innovation/clinical-trials/clinical-trials
112,development@nhcs.com,https://www.nhcs.com.sg/giving/giving-to-nhcs
113,20development@nhcs.com,https://www.nhcs.com.sg/giving/your-gift-at-work
114,s@singhealth.com,https://www.nhcs.com.sg/about-us/procurement
115,appt@nhcs.com,https://www.nhcs.com.sg/patient-care/inpatient-day-surgery
116,20medicalreport@nhcs.com,https://www.nhcs.com.sg/patient-care/visiting-a-specialist/Pages/request-medical-report.aspx
117,medicalreport@nhcs.com,https://www.nhcs.com.sg/patient-care/visiting-a-specialist/Pages/request-medical-report.aspx
118,pharmacy@nhcs.com,https://www.nhcs.com.sg/patient-care/e-services/home-delivery-for-medications
119,comms@nhcs.com,https://www.nhcs.com.sg/about-us/newsroom
120,nhcs@nhcs.com,https://www.nhcs.com.sg/patient-care/visitor-information/faqs/pages/home.aspx
121,an@email.here,https://research.singhealth.com.sg/Pages/default.aspx
122,ask@singhealthacademy.edu,https://www.singhealthacademy.edu.sg
123,office@nhcs.com,https://www.nhcs.com.sg/patient-care/visitor-information/contact-us
124,info@calgaz.com,https://www.airliquide.com/singapore
125,seppic@airliquide.com,https://www.airliquide.com/singapore
126,sg@schuelke.com,https://www.airliquide.com/singapore
127,gasorders@airliquide.com,https://industry.airliquide.sg/map
128,info@soxal.com,https://industry.airliquide.sg/map
129,epsd@airliquide.com,https://industry.airliquide.sg/engineering
130,admin@sapi.org,https://www.sapi.org.sg/contact-us/
131,DPO@zuelligpharma.com,https://www.zuelligpharma.com/privacy-policy
132,zpregional@zuelligpharma.com,https://www.zuelligpharma.com/careers
133,sustainability@zuelligpharma.com,https://www.zuelligpharma.com/about-us/sustainability
134,whistleblowing@zuelligpharma.com,https://www.zuelligpharma.com/about-us/ethics-compliance/certifications
135,insuranceandcorporations@zuelligpharma.com,https://www.zuelligpharma.com/industries/insurance
136,animalhealth@zuelligpharma.com,https://www.zuelligpharma.com/industries/animal-health
137,clinicalreachclients@zuelligpharma.com,https://www.zuelligpharma.com/industries/clinical-research/contract-manufacturing
138,mdd@zuelligpharma.com,https://www.zuelligpharma.com/industries/medical-devices-diagnostics
139,consumerhealth@zuelligpharma.com,https://www.zuelligpharma.com/industries/consumer-health
140,pharmaceuticalcompanies@zuelligpharma.com,https://www.zuelligpharma.com/industries/pharmaceutical
141,payor@zuelligpharma.com,https://www.zuelligpharma.com/solutions/payor-services/integrated-solutions
142,communitypharmacies@zuelligpharma.com,https://www.zuelligpharma.com/solutions/channel/life-plus-pharmacy-academy
143,patient@zuelligpharma.com,https://www.zuelligpharma.com/solutions/patientcare/mass-vaccination-programs
144,clinicalreach@zuelligpharma.com,https://www.zuelligpharma.com/solutions/clinical-reach/research-technology-solutions
145,info@support.mckinsey,https://play.google.com/store/apps/details?id=com.mckinsey.mckinseyinsights
146,Insights_support@mckinsey.com,https://play.google.com/store/apps/details?id=com.mckinsey.mckinseyinsights
147,insights_support@mckinsey.com,https://play.google.com/store/apps/details?id=com.mckinsey.mckinseyinsights
148,salesandmarketing@zuelligpharma.com,https://www.zuelligpharma.com/solutions/commercial/integrated-approach
149,McKinsey_Website_Accessibility@mckinsey.com,https://www.mckinsey.com/accessibility-statement
150,reprints@mckinsey.com,https://www.mckinsey.com/frequently-asked-questions/our-insights
151,datasubjectrights@mckinsey.com,https://www.mckinsey.com/privacy-policy
152,global_unsubscribes@mckinsey.com,https://www.mckinsey.com/privacy-policy
153,privacy@mckinsey.com,https://www.mckinsey.com/privacy-policy
154,media_relations_inbox@mckinsey.com,https://www.mckinsey.com/about-us/media
155,asia_media_enquiries@mckinsey.com,https://www.mckinsey.com/about-us/media
156,Media_Inquiries_Europe@mckinsey.com,https://www.mckinsey.com/about-us/media
157,Kai_Peter_Rath@mckinsey.com,https://www.mckinsey.com/about-us/media
158,media_enquiries@mckinsey.com,https://www.mckinsey.com/about-us/media
159,nomti_manzana@mckinsey.com,https://www.mckinsey.com/about-us/media
160,kerry_naidoo@mckinsey.com,https://www.mckinsey.com/about-us/media
161,Comms_MEO@mckinsey.com,https://www.mckinsey.com/about-us/media
162,Rebeca_Robboy@mckinsey.com,https://www.mckinsey.com/about-us/media
163,Cathy_Gui@mckinsey.com,https://www.mckinsey.com/about-us/media
164,ouridentity@mckinsey.com,https://www.mckinsey.com/about-us/media
165,distribution@zuelligpharma.com,https://www.zuelligpharma.com/solutions/solutions-distribution/digital-solutions
166,career_opportunities@mckinsey.com,https://www.mckinsey.com/careers/experienced-professionals
167,McKinsey_Academy_Virtual_Exchange@mckinsey.com,https://www.mckinsey.com/business-functions/mckinsey-accelerate/how-we-help-clients
168,Health_Tech_Network@mckinsey.com,https://www.mckinsey.com/industries/pharmaceuticals-and-medical-products/our-insights
169,fredericb@focusreports.net,https://pharmaboardroom.com/terms-and-conditions
170,select@1.13,https://pharmaboardroom.com/directory/
171,NEWCover_LegalHandbookIndonesia_1024x1024@2x.png,https://pharmaboardroom.myshopify.com/
172,americas_330x330@2x.jpg,https://pharmaboardroom.myshopify.com/
173,asia_330x330@2x.jpg,https://pharmaboardroom.myshopify.com/
174,europe_330x330@2x.jpg,https://pharmaboardroom.myshopify.com/
175,mena_330x330@2x.jpg,https://pharmaboardroom.myshopify.com/
176,corporate_development@gilead.com,https://www.gilead.com/utility/contact/partnership-request
177,aos@2.3,https://www.gilead.com/news-and-press/annual-report/year-in-review-2019
178,advocacy@gilead.com,https://www.gilead.com/news-and-press/company-statements/discover-study-of-ftaf-for-prep
179,compassionateaccess@gilead.com,https://www.gilead.com/science-and-medicine/research/compassionate-use
180,CompassionateAccess@gilead.com,https://www.gilead.com/science-and-medicine/research/compassionate-use
181,public_affairs@gilead.com,https://www.gilead.com/news-and-press/press-room/press-faqs
182,GileadClinicalTrials@gilead.com,https://www.gilead.com/science-and-medicine/research/clinical-trials-transparency-and-data-sharing-policy
183,datarequest@gilead.com,https://www.gilead.com/science-and-medicine/research/clinical-trials-transparency-and-data-sharing-policy
184,procurement@gilead.com,https://www.gilead.com/about/ethics-and-code-of-conduct/supplier-info
185,patientsupport@gilead.com,https://www.gilead.com/purpose/medication-access/disaster-product-replacement
186,grants@gilead.com,https://www.gilead.com/purpose/giving/gilead-public-health-award
187,vt_general_requests@EnvisionPharmaGroup.com,https://www.gilead.com/science-and-medicine/research/investigator-sponsored-research
188,access@gilead.com,https://www.gilead.com/purpose/medication-access/global-access
189,Thompson@gilead.com,https://www.gilead.com/purpose/partnerships-and-community/transcend
190,careers@gilead.com,https://gilead.avature.net/careers/
191,legal@gilead.com,https://gilead.avature.net/careers/
192,imed@gilead.com,https://www.gilead.com/purpose/giving/what-we-fund
193,privacy@gilead.com,https://www.gilead.com/privacy-statements
194,dpo@gilead.com,https://www.gilead.com/privacy-statements
195,ukmedinfo@gilead.com,https://www.gilead.com/utility/global-operations/europe/united-kingdom
196,IEProductComplaints@gilead.com,https://www.gilead.com/utility/global-operations/europe/united-kingdom
197,safety_fc@gilead.com,https://www.gilead.com/utility/global-operations/europe/united-kingdom
198,itmedinfo@gilead.com,https://www.gilead.com/utility/global-operations/europe/italy
199,customerservice@gilead.com,https://www.gilead.com/utility/global-operations/europe/ireland
200,dons@gilead.com,https://www.gilead.com/utility/global-operations/europe/france
201,AOEM_MedInfo@gilead.com,https://www.gilead.com/utility/global-operations/africa/south-africa
202,drugsafetygermany@gilead.com,https://www.gilead.com/utility/global-operations/europe/germany
203,koreamedinfo@gilead.com,https://www.gilead.com/utility/global-operations/asia/korea
204,AustriaSafetyMailbox@gilead.com,https://www.gilead.com/utility/global-operations/europe/austria
205,andersson@gilead.com,https://www.gilead.com/utility/global-operations/europe/austria
206,asiamedinfo@gilead.com,https://www.gilead.com/utility/global-operations/asia/taiwan
207,MXMedInfo@gilead.com,https://www.gilead.com/utility/global-operations/south-america/argentina
208,qualitycomplaints@gilead.com,https://www.askgileadmedical.com/
209,QualityComplaints@gilead.com,https://www.askgileadmedical.com/
210,SupplierDiversity@Gilead.com,https://www.gilead.com/utility/contact
211,Info@gilead.com,https://www.gilead.com/utility/global-operations/asia/china
212,MedInfo@gilead.com,https://www.gilead.com/utility/global-operations/north-america/canada
213,sapan@neilmed.com,http://www.neilmed.com/sg/contact.php
214,questions@neilmed.com,http://www.neilmed.com/sg/contact.php
215,medinfo@gilead.com,https://www.gilead.com/utility/global-operations/australia/australia-new-zealand
216,transparency@gilead.com,https://www.gilead.com/utility/global-operations/australia/australia-new-zealand
217,gilead@senateshj.com,https://www.gilead.com/utility/global-operations/australia/australia-new-zealand
218,pmorder@pom.com,http://www.pom.com.sg/
219,hsa_info@hsa.gov,https://www.hsa.gov.sg/hsa-data-protection-policy
220,enquiry@pom.com,http://www.panmalayan.com.sg/contact-us/
221,dataprivacy@ucb.com,https://www.ucb.com/Data-Protection-Notice-for-Shareholders
222,hr@pom.com,http://www.panmalayan.com.sg/about-us/careers/
223,contactucb@ucb.com,https://www.ucb.com/legal
224,meeting@ucb.com,https://www.ucb.com/investors/UCB-shareholders/Shareholders-meeting-2016
225,relations@ucb.com,https://www.ucb.com/investors/
226,Witte@ucb.com,https://www.ucb.com/investors/
227,Ghellynck@ucb.com,https://www.ucb.com/investors/
228,Deldime@ucb.com,https://www.ucb.com/investors/
229,TransparencyNorway@ucb.com,https://www.ucb.com/our-company/Disclosure-of-payments/payments-hcps/Norway
230,TransparencyItaly@ucb.com,https://www.ucb.com/our-company/Disclosure-of-payments/payments-hcps/Italy
231,TransparencyNetherlands@ucb.com,https://www.ucb.com/our-company/Disclosure-of-payments/payments-hcps/Netherlands
232,TransparencyFinland@ucb.com,https://www.ucb.com/our-company/Disclosure-of-payments/payments-hcps/Finland
233,TransparencySweden@ucb.com,https://www.ucb.com/our-company/Disclosure-of-payments/payments-hcps/Sweden
234,TransparencyDenmark@ucb.com,https://www.ucb.com/our-company/Disclosure-of-payments/payments-hcps/Denmark
235,TransparencyBelgium@ucb.com,https://www.ucb.com/our-company/Disclosure-of-payments/payments-hcps/Belgium
236,TransparencyHungary@ucb.com,https://www.ucb.com/our-company/Disclosure-of-payments/payments-hcps/Hungary
237,eRequest_Hub@ucb.com,https://www.ucb.com/our-company/funding/other-countries
238,IISmailbox@ucb.com,https://www.ucb.com/our-company/funding/other-countries
239,USCommunications@ucb.com,https://www.ucb.com/our-company/funding/usa
240,uscommunications@ucb.com,https://www.ucb.com/our-company/funding/usa
241,grants@ucb.com,https://www.ucb.com/our-company/funding/usa
242,funding@ucb.com,https://www.ucb.com/our-company/funding/usa
243,wazzup@webimp.com,https://www.webimp.com.sg/website-design-development/
244,TransparencyIreland@ucb.com,https://www.ucb.com/our-company/Disclosure-of-payments/payments-hcps/Ireland
245,enquiry@sgmem.sg,https://www.sgmem.sg/privacy-policy-2/
246,TransparencyRomania@ucb.com,https://www.ucb.com/our-company/Disclosure-of-payments/payments-hcps/Romania
247,UCBCares@ucb.com,https://www.ucb.com/clinical-studies/General-information
248,schots@ucb.com,https://www.ucb.com/stories-media/Contact
249,Schots@ucb.com,https://www.ucb.com/stories-media/Contact
250,Houlet@ucb.com,https://www.ucb.com/stories-media/Contact
251,funk@ucb.com,https://www.ucb.com/stories-media/Contact
252,Funk@ucb.com,https://www.ucb.com/stories-media/Contact
253,Carroll@ucb.com,https://www.ucb.com/stories-media/Contact
254,bleilevens@ucb.com,https://www.ucb.com/stories-media/Contact
255,Bleilevens@ucb.com,https://www.ucb.com/stories-media/Contact
256,baxter@ucb.com,https://www.ucb.com/stories-media/Contact
257,Baxter@ucb.com,https://www.ucb.com/stories-media/Contact
258,Christopher@ucb.com,https://www.ucb.com/stories-media/Contact
259,Fleming@ucb.com,https://www.ucb.com/stories-media/Contact
260,pips@ices.a,https://www.sgmem.sg/pharma-innovation-programme-singapore-pips-continuous-manufacturing-grant-call/
261,targets@sciencebasedtargets.org,https://www.ucb.com/our-company/together4sustainability
262,registration@ucb.com,https://www.ucb.com/our-company/together4sustainability
263,togetheragainstcorona@ucb.com,https://www.ucb.com/our-company/Suppliers
264,busdev@ucb.com,https://www.ucb.com/our-company/partnering
265,zhi@ucb.com,https://www.ucb.com/our-company/partnering
266,standaert@ucb.com,https://www.ucb.com/our-company/partnering
267,AT@ucb.com,https://www.ucb.com/clinical-studies/Overview
268,BE@ucb.com,https://www.ucb.com/clinical-studies/Overview
269,BG@ucb.com,https://www.ucb.com/clinical-studies/Overview
270,CZ@ucb.com,https://www.ucb.com/clinical-studies/Overview
271,DK@ucb.com,https://www.ucb.com/clinical-studies/Overview
272,FI@ucb.com,https://www.ucb.com/clinical-studies/Overview
273,FR@ucb.com,https://www.ucb.com/clinical-studies/Overview
274,DE@ucb.com,https://www.ucb.com/clinical-studies/Overview
275,GR@ucb.com,https://www.ucb.com/clinical-studies/Overview
276,HU@ucb.com,https://www.ucb.com/clinical-studies/Overview
277,IE@ucb.com,https://www.ucb.com/clinical-studies/Overview
278,IT@ucb.com,https://www.ucb.com/clinical-studies/Overview
279,LU@ucb.com,https://www.ucb.com/clinical-studies/Overview
280,NO@ucb.com,https://www.ucb.com/clinical-studies/Overview
281,PL@ucb.com,https://www.ucb.com/clinical-studies/Overview
282,PT@ucb.com,https://www.ucb.com/clinical-studies/Overview
283,SK@ucb.com,https://www.ucb.com/clinical-studies/Overview
284,ES@ucb.com,https://www.ucb.com/clinical-studies/Overview
285,SE@ucb.com,https://www.ucb.com/clinical-studies/Overview
286,NL@ucb.com,https://www.ucb.com/clinical-studies/Overview
287,UK@ucb.com,https://www.ucb.com/clinical-studies/Overview
288,enquiries@sbic.a,https://www.a-star.edu.sg/sbic/contact-us
289,Julian_goggi@sbic.a,https://www.a-star.edu.sg/sbic/about-us/our-people
290,dinish@sbic.a,https://www.a-star.edu.sg/sbic/about-us/our-people
291,Tang_jiong@sbic.a,https://www.a-star.edu.sg/sbic/about-us/our-people
292,Edward_Robins@sbic.a,https://www.a-star.edu.sg/sbic/about-us/our-people
293,Sendhil_Velan@sbic.a,https://www.a-star.edu.sg/sbic/about-us/our-people
294,tellusmore@hq.a,https://www.a-star.edu.sg/Scholarships/junior-college-and-polytechnic-and-secondary-school-students/a-star-science-award-poly
295,singa_enquiries@hq.a,https://www.a-star.edu.sg/Scholarships/for-graduate-studies/singapore-international-graduate-award-singa
296,bettyk@bii.a,https://www.a-star.edu.sg/Scholarships/for-graduate-studies/a-star-research-attachment-programme-(arap)
297,kohkm@bii.a,https://www.a-star.edu.sg/Scholarships/for-graduate-studies/a-star-research-attachment-programme-(arap)
298,ong_yan_ting@gis.a,https://www.a-star.edu.sg/Scholarships/for-graduate-studies/a-star-research-attachment-programme-(arap)
299,janti@nbl.a,https://www.a-star.edu.sg/Scholarships/for-graduate-studies/a-star-research-attachment-programme-(arap)
300,azzah@nbl.a,https://www.a-star.edu.sg/Scholarships/for-undergraduate-studies/research-attachment-for-overseas-singaporeans-(raos)
301,offer@accelerate.tech,https://www.a-star.edu.sg/Collaborate/from-lab-to-market/enhancing-the-ecosystem-for-technopreneurship
302,Up@hq.a,https://www.a-star.edu.sg/Collaborate/programmes-for-smes/t-up-excellence-awards
303,techaccess@hq.a,https://www.a-star.edu.sg/Collaborate/programmes-for-smes/tech-access
304,Nanoimprint@imre.a,https://www.a-star.edu.sg/Collaborate/industry-sectors/chemical-and-energy
305,STAR_FNCC@hq.a,https://www.a-star.edu.sg/Research/research-focus/food-nutrition-consumer-care
306,helpdesk@hsahelp.gov,https://crm.hsa.gov.sg/event/feedback
307,HSA_TP_Enquiry@hsa.gov,https://www.hsa.gov.sg/therapeutic-products/register/special-access-routes/emergency-use-pathway-for-therapeutic-product
308,HSA_TP_SC@hsa.gov,https://www.hsa.gov.sg/therapeutic-products/register/special-access-routes/special-consignment-by-a-product-registrant
309,HSA_TP_SAR@hsa.gov,https://www.hsa.gov.sg/therapeutic-products/register/special-access-routes/import-for-patients
310,hsa_md_info@hsa.gov,https://www.hsa.gov.sg/medical-devices/registration/special-access-routes/import-unregistered-devices-exhibition
311,hsa_md_sa@hsa.gov,https://www.hsa.gov.sg/medical-devices/registration/special-access-routes/custom-made-devices
312,hsa_cpm@hsa.gov,https://www.hsa.gov.sg/chinese-proprietary-medicines/listing/transfer
313,animal_feedback@nparks.gov,https://www.hsa.gov.sg/therapeutic-products/dealers-licence/overview
314,hsa_medical_device@hsa.gov,https://www.hsa.gov.sg/medical-devices/field-safety-corrective-action/how-to-report
315,xu_yan_ting@hsa.gov,https://www.hsa.gov.sg/careers/sponsorship-for-diploma-in-nursing
316,HSA_MD_Tech@hsa.gov,https://www.hsa.gov.sg/medical-devices/registration/priority-review-scheme
317,hsa_md_tech@hsa.gov,https://www.hsa.gov.sg/medical-devices/registration/priority-review-scheme
318,hsa_is@hsa.gov,https://www.hsa.gov.sg/consumer-safety/make-a-report
319,hsa_innovationoffice@hsa.gov,https://www.hsa.gov.sg/clinical-trials/innovation-office
320,HSA_CT_SAE@hsa.gov,https://www.hsa.gov.sg/clinical-trials/adverse-events
321,hsa_trb@hsa.gov,https://www.hsa.gov.sg/tobacco-regulation/overview
322,hsa_ma@hsa.gov,https://www.hsa.gov.sg/chinese-proprietary-medicines/advertisements-medicinal-products-tmm
323,hsa_productsafety@hsa.gov,https://www.hsa.gov.sg/therapeutic-products/adverse-events
324,admin@pss.org,https://www.pss.org.sg/rss-feeds
325,hello@vi8e.com,https://www.vi8e.com/
326,homepage@2x.jpg,https://www.hsa.gov.sg/
327,donation@2x.jpg,https://www.hsa.gov.sg/
328,medication@2x.jpg,https://www.hsa.gov.sg/
329,contactos@allergan.com,https://www.allergan.com/locations/argentina
330,USLPO@allergan.com,https://www.allergan.com/privacy-and-terms/ccpa
331,HSA_Info@hsa.gov,https://www.hsa.gov.sg/contact-us
332,HSA_IS@hsa.gov,https://www.hsa.gov.sg/contact-us
333,HSA_CMLPT@hsa.gov,https://www.hsa.gov.sg/contact-us
334,HSA_CML@hsa.gov,https://www.hsa.gov.sg/contact-us
335,HSA_PD_Enquiry@hsa.gov,https://www.hsa.gov.sg/contact-us
336,Privacy@allergan.com,https://www.allergan.com/privacy-and-terms
337,newsroom@abbvie.com,https://news.abbvie.com/index.cfm
338,AGNMedEd@Allergan.com,https://www.allergan.com/healthcare-providers
339,Contactos@allergan.com,https://www.allergan.com/patients-caregivers
340,AustraliaEnquiries@Allergan.com,https://www.allergan.com/patients-caregivers
341,allergan_austria@allergan.com,https://www.allergan.com/patients-caregivers
342,Belgium_Reception@allergan.com,https://www.allergan.com/patients-caregivers
343,General_Inquiry@Allergan.com,https://www.allergan.com/patients-caregivers
344,servicioclientechile@allergan.com,https://www.allergan.com/patients-caregivers
345,medinfo@allergan.com,https://www.allergan.com/patients-caregivers
346,cliente_co@allergan.com,https://www.allergan.com/patients-caregivers
347,Czech@Allergan.com,https://www.allergan.com/patients-caregivers
348,allergan@link.net,https://www.allergan.com/patients-caregivers
349,reception@allergan.com,https://www.allergan.com/patients-caregivers
350,AgnReception@allergan.com,https://www.allergan.com/patients-caregivers
351,allergan@agnindia.com,https://www.allergan.com/patients-caregivers
352,info@allergan.com,https://www.allergan.com/patients-caregivers
353,customer_servicejp@allergan.com,https://www.allergan.com/patients-caregivers
354,Korea@allergan.com,https://www.allergan.com/patients-caregivers
355,serv_clientes@allergan.com,https://www.allergan.com/patients-caregivers
356,Netherlands_Reception@allergan.com,https://www.allergan.com/patients-caregivers
357,NZenquiries@Allergan.com,https://www.allergan.com/patients-caregivers
358,poland@allergan.com,https://www.allergan.com/patients-caregivers
359,russia_info@allergan.com,https://www.allergan.com/patients-caregivers
360,info_me@Allergan.com,https://www.allergan.com/patients-caregivers
361,spain@allergan.com,https://www.allergan.com/patients-caregivers
362,switzerland@allergan.com,https://www.allergan.com/patients-caregivers
363,tr@allergan.com,https://www.allergan.com/patients-caregivers
364,uk_medinfo@allergan.com,https://www.allergan.com/patients-caregivers
365,CustomerRelations@Allergan.com,https://www.allergan.com/patients-caregivers
366,InvestorRelations@allergan.com,https://www.allergan.com/patients-caregivers
367,Medcom@Allergan.com,https://www.allergan.com/patients-caregivers
368,ProductQualityComplaints@Allergan.com,https://www.allergan.com/patients-caregivers
369,huynh_thihoaithanh@allergan.com,https://www.allergan.com/patients-caregivers
370,AllianceAdvocacy@allergan.com,https://www.allergan.com/responsibility/alliance-support
371,BDopportunities@allergan.com,https://www.allergan.com/about/supplier-relations
372,infante@abbvie.com,https://www.abbvie.com/abbvie-allergan-overview.html
373,shea@abbvie.com,https://www.abbvie.com/abbvie-allergan-overview.html
374,katz@allergan.com,https://www.abbvie.com/abbvie-allergan-overview.html
375,Ukraine@Allergan.com,https://www.allergan.com/locations/ukraine
376,info@dermagroup.com,https://www.allergan.com/locations/uruguay
377,vietnam@allergan.com,https://www.allergan.com/locations/vietnam
378,taiwan@allergan.com,https://www.allergan.com/locations/taiwan
379,thailand@allergan.com,https://www.allergan.com/locations/thailand
380,Slovakia@allergan.com,https://www.allergan.com/locations/slovakia
381,singapore@allergan.com,https://www.allergan.com/locations/singapore
382,Romania@allergan.com,https://www.allergan.com/locations/romania
383,info@qvsiete.com,https://www.allergan.com/locations/panama
384,aslinares@quimicasuiza.com,https://www.allergan.com/locations/peru
385,NZenquiries@allergan.com,https://www.allergan.com/locations/new-zealand
386,philippines@allergan.com,https://www.allergan.com/locations/philippines
387,info@arabco.ps,https://www.allergan.com/locations/palestine
388,korea@allergan.com,https://www.allergan.com/locations/korea
389,malaysia@allergan.com,https://www.allergan.com/locations/malaysia
390,Allergan@Allergan.com,https://www.allergan.com/locations/india
391,hungary@allergan.com,https://www.allergan.com/locations/hungary
392,israel@allergan.com,https://www.allergan.com/locations/israel
393,hongkong@allergan.com,https://www.allergan.com/locations/hong-kong-china
394,indonesia@allergan.com,https://www.allergan.com/locations/indonesia
395,accueil@allergan.com,https://www.allergan.com/locations/france
396,greece@allergan.com,https://www.allergan.com/locations/greece
397,soficoph@link.net,https://www.allergan.com/locations/egypt
398,geller@quifatex.com,https://www.allergan.com/locations/ecuador
399,restop@uio.satnet,https://www.allergan.com/locations/ecuador
400,Czech@allergan.com,https://www.allergan.com/locations/czech-republic
401,Clientes@Allergan.com,https://www.allergan.com/locations/colombia
402,industry@pss.org,https://www.pss.org.sg/chapter/industry-chapter/industry-chapter
403,lreshma@guardian.com,https://www.pss.org.sg/store/online-cpe/e-learning-nurses-pss-medication-management-training-nurses
404,xhlim@guardian.com,https://www.pss.org.sg/store/online-cpe/e-learning-nurses-pss-medication-management-training-nurses
405,enquiry@haldanepharma.com,http://www.haldanepharma.com/news
406,sales@beacons.com,http://www.beacons.com.sg/terms.php
407,patternedge99@gmail.com,http://www.patternedge.com/
408,sathiyamurthyk@gmail.com,http://www.patternedge.com/
409,sales@icmpharma.com,https://icmpharma.com/
410,phabox7@nus.edu,https://pharmacy.nus.edu.sg/events/
411,contact@bain.com,https://www.bain.com/es/offices/singapore/
412,recruiting@bain.com,https://www.bain.com/es/offices/singapore/
413,ong@bain.com,https://www.bain.com/es/offices/singapore/
414,worley@bain.com,https://www.bain.com/es/offices/singapore/
415,Tabern@Allergan.com,https://www.allergan.com/locations/united-kingdom
416,procurementleads@bain.com,https://www.bain.com/about/sustainable-procurement-policy/
417,smith@bain.com,https://www.bain.com/about/terms/
418,clarkin@bain.com,https://www.bain.com/careers/roles/adapt/
419,murubaya@bain.com,https://www.bain.com/careers/roles/adapt/
420,u003Eexample@yourdomain.com,https://go.bain.com/subscribe.html
421,pinkney@bain.com,https://www.bain.com/about/media-center/
422,ware@bain.com,https://www.bain.com/about/media-center/
423,medina@bain.com,https://www.bain.com/about/media-center/
424,relations@bain.com,https://www.bain.com/about/contact-us/
425,webmaster@bain.com,https://www.bain.com/about/contact-us/
426,stumbles@bain.com,https://www.bain.com/offices/sydney/
427,christian@bain.com,https://www.bain.com/offices/sydney/
428,seoulmarketing@bain.com,https://www.bain.com/offices/seoul/
429,seoul@bain.com,https://www.bain.com/offices/seoul/
430,park@bain.com,https://www.bain.com/offices/seoul/
431,india@bain.com,https://www.bain.com/offices/new-delhi/
432,mukherjee@bain.com,https://www.bain.com/offices/new-delhi/
433,marketing@bain.com,https://www.bain.com/offices/hong-kong/
434,zhu@bain.com,https://www.bain.com/offices/hong-kong/
435,singapore@bain.com,https://www.bain.com/offices/jakarta/
436,ApplyToBainCapabilityNetwork@Bain.com,https://www.bain.com/offices/bcn/
437,BCNRecruitment@Bain.com,https://www.bain.com/offices/bcn/
438,BCNRecruitment@bain.com,https://www.bain.com/offices/bcn/
439,jaafar@bain.com,https://www.bain.com/offices/doha/
440,williamson@bain.com,https://www.bain.com/offices/doha/
441,moran@bain.com,https://www.bain.com/offices/doha/
442,imtiaz@bain.com,https://www.bain.com/offices/doha/
443,info@bain.de,https://www.bain.com/offices/zurich/
444,husistein@bain.com,https://www.bain.com/offices/zurich/
445,ziegler@bain.com,https://www.bain.com/offices/zurich/
446,pelster@bain.com,https://www.bain.com/offices/zurich/
447,wieder@bain.com,https://www.bain.com/offices/zurich/
448,alumni@bain.de,https://www.bain.com/offices/zurich/
449,Info@Bain.com,https://www.bain.com/offices/warsaw-global-business-services/
450,Recruiting@Bain.com,https://www.bain.com/offices/warsaw-global-business-services/
451,PublicRelations@Bain.com,https://www.bain.com/offices/warsaw-global-business-services/
452,alhashmi@bain.com,https://www.bain.com/offices/middle-east/
453,krasinska@bain.com,https://www.bain.com/offices/warsaw/
454,rozhin@Bain.com,https://www.bain.com/offices/warsaw/
455,detalle@bain.com,https://www.bain.com/offices/paris/
456,parisbaincares@bain.com,https://www.bain.com/offices/paris/
457,painmorgado@bain.com,https://www.bain.com/offices/paris/
458,Imalileche@Bain.com,https://www.bain.com/offices/paris/
459,Cherik@Bain.com,https://www.bain.com/offices/paris/
460,Recruiting@bain.com,https://www.bain.com/offices/paris/
461,deRoquemaurel@bain.com,https://www.bain.com/offices/paris/
462,sonnet@bain.com,https://www.bain.com/offices/paris/
463,Marketing@bain.com,https://www.bain.com/offices/paris/
464,kuzmic@bain.com,https://www.bain.com/offices/stockholm/
465,petersen@bain.com,https://www.bain.com/offices/stockholm/
466,spektorov@bain.com,https://www.bain.com/offices/moscow/
467,inquiry@bain.com,https://www.bain.com/offices/moscow/
468,vaypan@bain.com,https://www.bain.com/offices/moscow/
469,shiroyan@bain.com,https://www.bain.com/offices/moscow/
470,boe@bain.com,https://www.bain.com/offices/oslo/
471,moll@bain.com,https://www.bain.com/offices/munich/
472,seik@bain.com,https://www.bain.com/offices/munich/
473,prioreschi@bain.it,https://www.bain.com/offices/rome/
474,illardo@bain.it,https://www.bain.com/offices/rome/
475,comolli@bain.it,https://www.bain.com/offices/rome/
476,visini@bain.com,https://www.bain.com/offices/rome/
477,brignola@bain.it,https://www.bain.com/offices/rome/
478,inc@legalmail.it,https://www.bain.com/offices/rome/
479,mongil@bain.com,https://www.bain.com/offices/madrid/
480,gonzalez@bain.com,https://www.bain.com/offices/madrid/
481,miralles@bain.com,https://www.bain.com/offices/madrid/
482,jara@bain.com,https://www.bain.com/offices/madrid/
483,Jara@Bain.com,https://www.bain.com/offices/madrid/
484,Jara@bain.com,https://www.bain.com/offices/madrid/
485,southafrica@bain.com,https://www.bain.com/offices/lagos/
486,wilson@bain.com,https://www.bain.com/offices/lagos/
487,binzat@bain.com,https://www.bain.com/offices/istanbul/
488,guntag@bain.com,https://www.bain.com/offices/istanbul/
489,kelloniemi@bain.com,https://www.bain.com/offices/helsinki/
490,kairi@bain.com,https://www.bain.com/offices/helsinki/
491,tokyo@bain.com,https://www.bain.com/offices/tokyo/
492,Inquiry@bain.com,https://www.bain.com/offices/kyiv/
493,snauwaert@bain.com,https://www.bain.com/offices/brussels/
494,feret@bain.com,https://www.bain.com/offices/brussels/
495,migom@bain.com,https://www.bain.com/offices/brussels/
496,minten@bain.com,https://www.bain.com/offices/brussels/
497,amsterdam@bain.com,https://www.bain.com/offices/brussels/
498,Brusselmans@bain.com,https://www.bain.com/offices/copenhagen/
499,brusselmans@bain.com,https://www.bain.com/offices/copenhagen/
500,hadley@bain.com,https://www.bain.com/offices/london/
501,hamilton@bain.com,https://www.bain.com/offices/london/
502,London@Bain.com,https://www.bain.com/offices/london/
503,london@bain.com,https://www.bain.com/offices/london/
504,elton@bain.com,https://www.bain.com/offices/london/
505,milligan@bain.com,https://www.bain.com/offices/london/
506,spencer@bain.com,https://www.bain.com/offices/london/
507,offermans@bain.com,https://www.bain.com/offices/amsterdam/
508,trotter@bain.com,https://www.bain.com/offices/toronto/
509,lane@bain.com,https://www.bain.com/offices/toronto/
510,hysenaj@bain.com,https://www.bain.com/offices/toronto/
511,adrecruiting@bain.com,https://www.bain.com/offices/toronto/
512,cherry@bain.com,https://www.bain.com/offices/silicon-valley/
513,kitchen@bain.com,https://www.bain.com/offices/silicon-valley/
514,sarkowsky@bain.com,https://www.bain.com/offices/silicon-valley/
515,pearce@bain.com,https://www.bain.com/offices/silicon-valley/
516,rapela@bain.com,https://www.bain.com/offices/santiago/
517,agostino@bain.com,https://www.bain.com/offices/santiago/
518,pelegrini@bain.com,https://www.bain.com/offices/santiago/
519,robbins@bain.com,https://www.bain.com/offices/washington-dc/
520,WashingtonDC@bain.com,https://www.bain.com/offices/washington-dc/
521,davidson@bain.com,https://www.bain.com/offices/seattle/
522,ratajczak@bain.com,https://www.bain.com/offices/san-francisco/
523,Ratajczak@Bain.com,https://www.bain.com/offices/san-francisco/
524,Imtiaz@Bain.com,https://www.bain.com/offices/riyadh/
525,radabaugh@bain.com,https://www.bain.com/offices/los-angeles/
526,loehr@bain.com,https://www.bain.com/offices/los-angeles/
527,downes@bain.com,https://www.bain.com/offices/los-angeles/
528,zerpa@bain.com,https://www.bain.com/offices/los-angeles/
529,info@syntegon.com,https://www.syntegon.com/privacy-statement
530,poststelle@lfdi.bwl,https://www.syntegon.com/privacy-statement
531,dpo@syntegon.com,https://www.syntegon.com/privacy-statement
532,rubio@bain.com,https://www.bain.com/offices/mexico-city/
533,quezada@bain.com,https://www.bain.com/offices/mexico-city/
534,lozada@bain.com,https://www.bain.com/offices/mexico-city/
535,newyork@bain.com,https://www.bain.com/offices/new-york/
536,kawa@bain.com,https://www.bain.com/offices/new-york/
537,bice@bain.com,https://www.bain.com/offices/new-york/
538,mclaughlin@bain.com,https://www.bain.com/offices/Chicago/
539,martini@bain.com,https://www.bain.com/offices/Chicago/
540,clark@bain.com,https://www.bain.com/offices/Chicago/
541,hick@bain.com,https://www.bain.com/offices/Chicago/
542,bader@syntegon.com,https://www.syntegon.com/company/memberships
543,salgado@syntegon.com,https://www.syntegon.com/company/work-culture
544,eisner@bain.com,https://www.bain.com/offices/buenos-aires/
545,masjuan@bain.com,https://www.bain.com/offices/buenos-aires/
546,dias@bain.com,https://www.bain.com/offices/buenos-aires/
547,Rauschnabel@syntegon.com,https://www.syntegon.com/company/research-and-development
548,pamat@syntegon.com,https://www.syntegon.com/company/suppliers-purchasing-and-logistics
549,press@syntegon.com,https://www.syntegon.com/company/trade-shows
550,bentley@bain.com,https://www.bain.com/offices/dallas/
551,whitten@bain.com,https://www.bain.com/offices/dallas/
552,Reilly@Bain.com,https://www.bain.com/offices/dallas/
553,monnet@bain.com,https://www.bain.com/offices/dallas/
554,Giek@syntegon.com,https://www.syntegon.com/news/press-area/press-contact
555,Loeffel@syntegon.com,https://www.syntegon.com/news/press-area/press-contact
556,Koenig@syntegon.com,https://www.syntegon.com/news/press-area/press-contact
557,salesboschpackaging@syntegon.com,https://www.syntegon.com/technologies/sigpack-ttm
558,Angelmaier@syntegon.com,https://www.syntegon.com/technologies/isolator-technology
559,bng@syntegon.com,https://www.syntegon.com/technologies/dsn
560,consumables@de.syntegon,https://www.syntegon.com/technologies/product-protection-valves
561,packaging@syntegon.com,https://www.syntegon.com/technologies/industry-40
562,Sauer2@syntegon.com,https://www.syntegon.com/technologies/sustainable-packaging
563,trackandtrace@syntegon.com,https://www.syntegon.com/technologies/track-and-trace-solutions
564,info@valicare.com,https://www.syntegon.com/services/pharma-services/qualification-and-validation
565,Peters@syntegon.com,https://www.syntegon.com/services/pharma-services/laboratory-services
566,koenig@syntegon.com,https://www.syntegon.com/services/pharma-services/laboratory-services
567,Pharmatec@syntegon.com,https://www.syntegon.com/services/pharma-services/pure-media-bioprocess-systems
568,miles@bain.com,https://www.bain.com/offices/atlanta/
569,atlanta@bain.com,https://www.bain.com/offices/atlanta/
570,20adrecruiting@bain.com,https://www.bain.com/offices/atlanta/
571,elliott@bain.com,https://www.bain.com/offices/atlanta/
572,academy@syntegon.com,https://www.syntegon.com/services/after-sales-services/syntegon-academy
573,Relations@Bain.com,https://www.bain.com/about/privacy/
574,DataPrivacy@Bain.com,https://www.bain.com/about/privacy/
575,ph@syntegon.com,https://www.syntegon.com/lines-and-systems/integrated-solutions-pharma
576,sg@syntegon.com,https://www.syntegon.com/de/unternehmen/standorte/singapore
577,marketing@syntegon.com,https://www.syntegon.com/company/contact
578,engelke@syntegon.com,https://www.syntegon.com/company/contact
579,galli@bain.com,https://www.bain.com/offices/bogota/
580,betti@bain.com,https://www.bain.com/offices/bogota/
581,britto@bain.com,https://www.bain.com/offices/bogota/
582,info@frwd.com,https://www.bain.com/offices/minneapolis-frwd/
583,20recruiting@bain.com,https://www.bain.com/offices/boston/
584,boston@bain.com,https://www.bain.com/offices/boston/
585,privacy@philips.com,https://www.philips.com.sg/a-w/cookie-notice.html
586,relations@philips.com,https://www.philips.com/a-w/about/investor.html
587,oreilly@philips.com,https://www.philips.com.sg/healthcare/about/press
588,Klink@philips.com,https://www.philips.com.sg/healthcare/about/press
589,your@mail.com,https://www.careers.philips.com/professional/apac/en
590,name@domain.com,https://www.careers.philips.com/professional/apac/en
591,customercarecenter@philips.com,https://www.philips.com.sg/healthcare/about/contact
592,moe_SgIS@moe.gov,https://www.singaporeindustryscholarship.sg/sgis-system-login
593,enquiry@nus.edu,http://map.nus.edu.sg/
594,phars@nus.edu,https://pharmacy.nus.edu.sg/adjunct-and-visiting-faculty/
595,phahead@nus.edu,https://pharmacy.nus.edu.sg/career-opportunities/
596,phabox12@nus.edu,https://pharmacy.nus.edu.sg/newsletter/
597,phalk@nus.edu,https://pharmacy.nus.edu.sg/educator-and-practice-track-faculty/
598,phawps@nus.edu,https://pharmacy.nus.edu.sg/educator-and-practice-track-faculty/
599,phacaox@nus.edu,https://pharmacy.nus.edu.sg/educator-and-practice-track-faculty/
600,pharal@nus.edu,https://pharmacy.nus.edu.sg/educator-and-practice-track-faculty/
601,phansy@nus.edu,https://pharmacy.nus.edu.sg/partners-in-education/
602,phabhka@nus.edu,https://pharmacy.nus.edu.sg/partners-in-education/
603,phachan@nus.edu,https://pharmacy.nus.edu.sg/partners-in-education/
604,phahzn@nus.edu,https://pharmacy.nus.edu.sg/partners-in-education/
605,phahim@nus.edu,https://pharmacy.nus.edu.sg/partners-in-education/
606,phakjj@nus.edu,https://pharmacy.nus.edu.sg/partners-in-education/
607,phakyq@nus.edu,https://pharmacy.nus.edu.sg/partners-in-education/
608,phahbm@nus.edu,https://pharmacy.nus.edu.sg/partners-in-education/
609,phadm@nus.edu,https://pharmacy.nus.edu.sg/partners-in-education/
610,phancc@nus.edu,https://pharmacy.nus.edu.sg/partners-in-education/
611,phanty@nus.edu,https://pharmacy.nus.edu.sg/partners-in-education/
612,phantqn@nus.edu,https://pharmacy.nus.edu.sg/partners-in-education/
613,phapzhr@nus.edu,https://pharmacy.nus.edu.sg/partners-in-education/
614,phastjm@nus.edu,https://pharmacy.nus.edu.sg/partners-in-education/
615,phatct@nus.edu,https://pharmacy.nus.edu.sg/partners-in-education/
616,phagove@nus.edu,https://pharmacy.nus.edu.sg/partners-in-education/
617,phawlr@nus.edu,https://pharmacy.nus.edu.sg/partners-in-education/
618,phayny@nus.edu,https://pharmacy.nus.edu.sg/partners-in-education/
619,phayeap@nus.edu,https://pharmacy.nus.edu.sg/partners-in-education/
620,phaty@nus.edu,https://pharmacy.nus.edu.sg/partners-in-education/
621,phachin@nus.edu,https://pharmacy.nus.edu.sg/partners-in-education/
622,phaczym@nus.edu,https://pharmacy.nus.edu.sg/partners-in-education/
623,phalm@nus.edu,https://pharmacy.nus.edu.sg/partners-in-education/
624,phalfe@nus.edu,https://pharmacy.nus.edu.sg/partners-in-education/
625,phandq@nus.edu,https://pharmacy.nus.edu.sg/partners-in-education/
626,phapcl@nus.edu,https://pharmacy.nus.edu.sg/partners-in-education/
627,phasjh@nus.edu,https://pharmacy.nus.edu.sg/partners-in-education/
628,phattxe@nus.edu,https://pharmacy.nus.edu.sg/partners-in-education/
629,phatwt@nus.edu,https://pharmacy.nus.edu.sg/partners-in-education/
630,phawyhc@nus.edu,https://pharmacy.nus.edu.sg/partners-in-education/
631,phazh@nus.edu,https://pharmacy.nus.edu.sg/partners-in-education/
632,phaia@nus.edu,https://pharmacy.nus.edu.sg/partners-in-education/
633,phakyqd@nus.edu,https://pharmacy.nus.edu.sg/partners-in-education/
634,pirc@nus.edu,https://pharmacy.nus.edu.sg/pirc/
635,phacrp@nus.edu,https://pharmacy.nus.edu.sg/non-academic-staff/
636,phacyy@nus.edu,https://pharmacy.nus.edu.sg/non-academic-staff/
637,phacaw@nus.edu,https://pharmacy.nus.edu.sg/non-academic-staff/
638,phacuiy@nus.edu,https://pharmacy.nus.edu.sg/non-academic-staff/
639,leizel81@nus.edu,https://pharmacy.nus.edu.sg/non-academic-staff/
640,phaalkw@nus.edu,https://pharmacy.nus.edu.sg/non-academic-staff/
641,phaliuf@nus.edu,https://pharmacy.nus.edu.sg/non-academic-staff/
642,chuningn@nus.edu,https://pharmacy.nus.edu.sg/non-academic-staff/
643,phangsy@nus.edu,https://pharmacy.nus.edu.sg/non-academic-staff/
644,jenessa@nus.edu,https://pharmacy.nus.edu.sg/non-academic-staff/
645,phatbj@nus.edu,https://pharmacy.nus.edu.sg/non-academic-staff/
646,phats@nus.edu,https://pharmacy.nus.edu.sg/non-academic-staff/
647,phaww@nus.edu,https://pharmacy.nus.edu.sg/non-academic-staff/
648,phasec@nus.edu,https://pharmacy.nus.edu.sg/non-academic-staff/
649,phaangsh@nus.edu,https://pharmacy.nus.edu.sg/non-academic-staff/
650,scy@nus.edu,https://pharmacy.nus.edu.sg/non-academic-staff/
651,phajmj@nus.edu,https://pharmacy.nus.edu.sg/non-academic-staff/
652,phalpp@nus.edu,https://pharmacy.nus.edu.sg/non-academic-staff/
653,phanwc@nus.edu,https://pharmacy.nus.edu.sg/non-academic-staff/
654,phass@nus.edu,https://pharmacy.nus.edu.sg/non-academic-staff/
655,phawmy@nus.edu,https://pharmacy.nus.edu.sg/non-academic-staff/
656,phaysl@nus.edu,https://pharmacy.nus.edu.sg/non-academic-staff/
657,phahmp@nus.edu,https://pharmacy.nus.edu.sg/non-academic-staff/
658,phaleehy@nus.edu,https://pharmacy.nus.edu.sg/non-academic-staff/
659,phaps@nus.edu,https://pharmacy.nus.edu.sg/non-academic-staff/
660,phatsh@nus.edu,https://pharmacy.nus.edu.sg/non-academic-staff/
661,phaweeb@nus.edu,https://pharmacy.nus.edu.sg/non-academic-staff/
662,askdvo@nus.edu,http://nus.edu.sg/nusgiving/
663,dvowebmaster@nus.edu,http://nus.edu.sg/nusgiving/
664,PIRC@nus.edu,https://pharmacy.nus.edu.sg/pircworkshops-and-training/
665,oshjk@nus.edu,https://pharmacy.nus.edu.sg/labprocurement/
666,SYIDAHM@nus.edu,https://pharmacy.nus.edu.sg/labprocurement/
667,hr@beacons.com,http://www.beacons.com.sg/contact.php
668,phabox2@nus.edu,https://pharmacy.nus.edu.sg/contact/
669,bizinfo@sg.marshallcavendish,https://www.pharmbiosingapore.com/companies/actelion-pharmaceuticals-singapore-pte-ltd
670,tpg@2x.png,https://www.timespublishing.sg/
671,hpb_healthhub@hpb.gov,https://play.google.com/store/apps/details?id=sg.gov.hpb.healthhub
672,sg@kobayashi.com,https://kobayashi.com.sg/removal_notice/
673,enquiry@kobayashi.com,https://kobayashi.com.sg/removal_notice/
674,request@concur.com,https://www.concur.com/en-us/termsofuse
675,sales@gblpharma.com,http://gblpharma.com/articles_page/global-pharma-medline-understand-and-protect-against-bacteria-viruses-and-infection/
676,Request@concur.com,https://www.concur.com.sg/privacy-policy
677,Request@Concur.com,https://www.concur.com.sg/privacy-policy
678,Privacy@sap.com,https://www.concur.com.sg/privacy-policy
679,2@1.15x,https://www.concur.com.sg/visibility-and-compliance
680,chart@1.15x,https://www.concur.com.sg/visibility-and-compliance
681,sign@1.15x,https://www.concur.com.sg/visibility-and-compliance
682,hat@1.15x,https://www.concur.com.sg/visibility-and-compliance
683,bank@1.15x,https://www.concur.com.sg/visibility-and-compliance
684,glass@1.15x,https://www.concur.com.sg/duty-of-care
685,radiating@1.15x,https://www.concur.com.sg/duty-of-care
686,cap@1.15x,https://www.concur.com.sg/duty-of-care
687,receipts@expenseit.com,https://www.concur.com.sg/receipt-management-app
688,monster@3x.png,https://www.concur.co.jp
689,us@2x.png,https://www.sap.com/index.html
690,beta@tictrac.com,https://track.healthhub.sg
691,smith@example.com,https://track.healthhub.sg
692,hpb_shc@hpb.gov,https://www.healthhub.sg/faqs
693,hpb_nir@hpb.gov,https://www.healthhub.sg/faqs
694,bizmktg@sg.marshallcavendish,https://www.pharmbiosingapore.com/contact-us
695,bizinfo@my.marshallcavendish,https://www.pharmbiosingapore.com/contact-us
696,bizinfo@hk.marshallcavendish,https://www.pharmbiosingapore.com/contact-us
697,info@greenworldmedia.co,https://www.pharmbiosingapore.com/contact-us
698,ico_svs_appt@75x75.png,https://www.healthhub.sg/
699,ico_svs_lab@75x75.png,https://www.healthhub.sg/
700,ico_svs_dsum@75x75.png,https://www.healthhub.sg/
701,ico_svs_vita@75x75.png,https://www.healthhub.sg/
702,ico_svs_grow@75x75.png,https://www.healthhub.sg/
703,ico_svs_mile@75x75.png,https://www.healthhub.sg/
704,ico_svs_schhh@75x75.png,https://www.healthhub.sg/
705,ico_svs_vacc@75x75.png,https://www.healthhub.sg/
706,ico_svs_care@75x75.png,https://www.healthhub.sg/
707,feedback@fairprice.com,https://unity.com.sg/unity-stores/
708,recruit@fairprice.com,https://unity.com.sg/join-our-team/
709,030bb053976c42a3b266260f2b6ac1a3@sentry.io,https://www.grab.com/sg/download/?pid=EDM&is_retargeting=true&af_force_deeplink=true
710,sg@ferring.com,https://www.ferring.sg/en/global/privacy/
711,user@user.com,https://www.ferring.sg/en/media/our-stories/getting-40-winks-is-good-for-your-heart-body-and-mind/
712,ferringcsr@ferring.com,https://www.ferring.sg/en/responsibility/
713,covid@escoglobal.com,http://www.escoaster.com/
714,mail@escoaster.com,http://www.escoaster.com/
715,sumardi@escoglobal.com,http://www.escoaster.com/
716,virgilio@escoglobal.com,http://www.escoaster.com/
717,enquiries@ntuclink.com,https://unity.com.sg/members/plus-rewards-programme/
718,pharma@escoglobal.com,http://www.escohealthcare.com/
719,mail@tapestlerx.com,http://www.escohealthcare.com/
720,mail@vaccixcell.com,http://www.escohealthcare.com/
721,info@escoglobal.com,http://www.escopharma.com/
722,polyfill@7.1,https://escovaccixcell.com/
723,pharma@singhealth.com,https://www.singhealth.com.sg/about-singhealth/procurement/contact-us
724,mm@singhealth.com,https://www.singhealth.com.sg/about-singhealth/procurement/contact-us
725,marcom@singhealth.com,https://www.singhealth.com.sg/terms-of-use
726,awesome@1.1,http://www.escoglobal.com/
727,mail@escoglobal.com,http://www.escoglobal.com/
728,career@singhealth.com,https://www.singhealth.com.sg/careers/contact-us
729,job_appln@sgh.com,https://www.singhealth.com.sg/careers/contact-us
730,careers@skh.com,https://www.singhealth.com.sg/careers/contact-us
731,hrdept@kkh.com,https://www.singhealth.com.sg/careers/contact-us
732,nni_hr@nni.com,https://www.singhealth.com.sg/careers/contact-us
733,recruitment@snec.com,https://www.singhealth.com.sg/careers/contact-us
734,hr_admin@singhealth.com,https://www.singhealth.com.sg/careers/contact-us
735,sponsorship@sgh.com,https://www.singhealth.com.sg/careers/sponsorships-overview
736,sponsorship@kkh.com,https://www.singhealth.com.sg/careers/sponsorships-overview
737,careers@cgh.com,https://www.singhealth.com.sg/careers/sponsorships-overview
738,sponsorship@skh.com,https://www.singhealth.com.sg/careers/sponsorships-overview
739,Learning@nccs.com,https://www.singhealth.com.sg/careers/sponsorships-overview
740,hr_mgr@nhcs.com,https://www.singhealth.com.sg/careers/sponsorships-overview
741,schrecruitment@singhealthch.com,https://www.singhealth.com.sg/careers/sponsorships-overview
742,pdpa@singhealth.com,https://www.singhealth.com.sg/pdpa
743,QAME@ferring.com,https://www.ferring.com/
744,lopez@mecofarma.com,https://www.ferring.com/
745,hashimph@batelco.com,https://www.ferring.com/
746,aadje@planetpharma.fr,https://www.ferring.com/
747,china@ferring.com,https://www.ferring.com/
748,farmateriales@medicuba.sld,https://www.ferring.com/
749,leysii@medicuba.sld,https://www.ferring.com/
750,jaimesued@suedfarma.com,https://www.ferring.com/
751,eduardo_mendoza@biotefar.com,https://www.ferring.com/
752,mequanent@ebg.com,https://www.ferring.com/
753,semira206@gmail.com,https://www.ferring.com/
754,ferring@ferring.hu,https://www.ferring.com/
755,info@darmanyab.com,https://www.ferring.com/
756,yaish@petradrugstore.com,https://www.ferring.com/
757,admin@macnaughton.co,https://www.ferring.com/
758,info@sadco.com,https://www.ferring.com/
759,salah@alfahealthcare.com,https://www.ferring.com/
760,keb@fercom.dk,https://www.ferring.com/
761,iduh@swanmedico.com,https://www.ferring.com/
762,dilcsa@cwpanama.net,https://www.ferring.com/
763,aog@ferring.com,https://www.ferring.com/
764,asharaf@aralgosaibi.com,https://www.ferring.com/
765,majid@aralgosaibico.com,https://www.ferring.com/
766,galal2014@gmail.com,https://www.ferring.com/
767,healthcarecbn@gmail.com,https://www.ferring.com/
768,Kacem@ferring.com,https://www.ferring.com/
769,Faisal@ferring.com,https://www.ferring.com/
770,info@rebiotix.com,https://www.ferring.com/
771,20scholarship@singhealth.com,https://www.singhealth.com.sg/careers/scholarships-overview
772,scholarship@singhealth.com,https://www.singhealth.com.sg/careers/scholarships-overview
773,appointments@sgh.com,https://www.singhealth.com.sg/patient-care/patient-visitor-info
774,appointments@skh.com,https://www.singhealth.com.sg/patient-care/patient-visitor-info
775,centralappt@kkh.com,https://www.singhealth.com.sg/patient-care/patient-visitor-info
776,callcentre@nccs.com,https://www.singhealth.com.sg/patient-care/patient-visitor-info
777,appointments@nni.com,https://www.singhealth.com.sg/patient-care/patient-visitor-info
778,appointments@snec.com,https://www.singhealth.com.sg/patient-care/patient-visitor-info
779,SingHealthPolyclinics@singhealth.com,https://www.singhealth.com.sg/patient-care/patient-visitor-info
780,giving@singhealth.com,https://www.singhealth.com.sg/giving
781,media@singhealth.com,https://www.singhealth.com.sg/about-singhealth/newsroom
782,ico@singhealth.com,https://www.singhealth.com.sg/about-singhealth/international-collaborations/
783,irb@singhealth.com,https://ishare.singhealth.com.sg/
784,iacuc@singhealth.com,https://ishare.singhealth.com.sg/
785,ishare@singhealth.com,https://ishare.singhealth.com.sg/
786,x@alpshealthcare.com,https://www.singhealth.com.sg/about-singhealth/procurement/gpo-non-pharmaceutical
787,ying@alpshealthcare.com,https://www.singhealth.com.sg/about-singhealth/procurement/gpo-non-pharmaceutical
788,example@domain.com,http://www.escoaster.com/contact-us/
789,cc@test.com,https://www.singhealthdukenus.com.sg/research/Pages/Grant%20Calendar.aspx
790,sales@firstcom.com,https://www.firstcom.com.sg/
791,sg@siemens.com,http://sg.siemens.com/corp/termofuse/
792,acquisitiont@dnb.com,https://www.dnb.com/about-us/careers-and-people.html
793,customersupport@dandb.com,https://www.dnb.com/utility-pages/dun-bradstreet-free-trial-terms.html
794,privacyofficer@dnb.com,https://www.dnb.com/utility-pages/terms-of-use.html
795,IR@dnb.com,https://investor.dnb.com/news/default.aspx
796,HerndonH@DNB.com,https://www.dnb.com/duns-number/duns-number-and-government.html
797,government@dnb.com,https://www.dnb.com/products/government/business-impact-research-platform-covid19.html
798,information@2x.png,https://www.dnb.com/products/marketing-sales/roi-calculator-data-management.html
799,ball@2x.png,https://www.dnb.com/products/marketing-sales/roi-calculator-data-management.html
800,circle@2x.png,https://www.dnb.com/products/marketing-sales/roi-calculator-data-management.html
801,savedforweb@2x.png,https://www.dnb.com/products/marketing-sales/roi-calculator-data-management.html
802,3x@2x.png,https://www.dnb.com/products/marketing-sales/roi-calculator-data-management.html
803,unlock@2x.png,https://www.dnb.com/products/marketing-sales/roi-calculator-data-management.html
804,segments@2x.png,https://www.dnb.com/products/marketing-sales/roi-calculator-data-management.html
805,setting@2x.png,https://www.dnb.com/products/marketing-sales/roi-calculator-data-management.html
806,up@2x.png,https://www.dnb.com/products/marketing-sales/roi-calculator-data-management.html
807,money@2x.png,https://www.dnb.com/products/marketing-sales/roi-calculator-data-management.html
808,face@2x.png,https://www.dnb.com/products/marketing-sales/roi-calculator-data-management.html
809,batista@idoo.si,https://www.dnb.com/products/finance-credit-risk/global-trade-exchange-program.html
810,trade@dnbglobaltrade.com,https://www.dnb.com/products/finance-credit-risk/global-trade-exchange-program.html
811,goschelbauer@bisnode.com,https://www.dnb.com/products/finance-credit-risk/global-trade-exchange-program.html
812,abudarhams@dnb.com,https://www.dnb.com/products/finance-credit-risk/global-trade-exchange-program.html
813,podvorec@bisnode.com,https://www.dnb.com/products/finance-credit-risk/global-trade-exchange-program.html
814,isikselcetin@dnbturkey.com,https://www.dnb.com/products/finance-credit-risk/global-trade-exchange-program.html
815,sorenson@bisnode.com,https://www.dnb.com/products/finance-credit-risk/global-trade-exchange-program.html
816,vic@baltfakta.eu,https://www.dnb.com/products/finance-credit-risk/global-trade-exchange-program.html
817,hamu@bisnode.com,https://www.dnb.com/products/finance-credit-risk/global-trade-exchange-program.html
818,lambert@altares.com,https://www.dnb.com/products/finance-credit-risk/global-trade-exchange-program.html
819,emc@dnb.com,https://www.dnb.com/products/finance-credit-risk/global-trade-exchange-program.html
820,nghu@dnb.com,https://www.dnb.com/products/finance-credit-risk/global-trade-exchange-program.html
821,asa@creditinfo.is,https://www.dnb.com/products/finance-credit-risk/global-trade-exchange-program.html
822,schwartz@dbisrael.co,https://www.dnb.com/products/finance-credit-risk/global-trade-exchange-program.html
823,uhmc@nicednb.com,https://www.dnb.com/products/finance-credit-risk/global-trade-exchange-program.html
824,pavel@dnb.com,https://www.dnb.com/products/finance-credit-risk/global-trade-exchange-program.html
825,john@creditinfo.com,https://www.dnb.com/products/finance-credit-risk/global-trade-exchange-program.html
826,saucedos@dnb.com,https://www.dnb.com/products/finance-credit-risk/global-trade-exchange-program.html
827,drakulic@bonline.hr,https://www.dnb.com/products/finance-credit-risk/global-trade-exchange-program.html
828,ruud@db24.co,https://www.dnb.com/products/finance-credit-risk/global-trade-exchange-program.html
829,kohataf@dnbperu.com,https://www.dnb.com/products/finance-credit-risk/global-trade-exchange-program.html
830,faria@informadb.pt,https://www.dnb.com/products/finance-credit-risk/global-trade-exchange-program.html
831,petric@bisnode.com,https://www.dnb.com/products/finance-credit-risk/global-trade-exchange-program.html
832,dmyburg@transunion.com,https://www.dnb.com/products/finance-credit-risk/global-trade-exchange-program.html
833,jateijelo@informa.es,https://www.dnb.com/products/finance-credit-risk/global-trade-exchange-program.html
834,hargeus@bisnode.com,https://www.dnb.com/products/finance-credit-risk/global-trade-exchange-program.html
835,stdept@dnb.com,https://www.dnb.com/customer-success.html
836,receivablequestions@dnb.com,https://www.dnb.com/customer-success.html
837,sg@informa.com,https://www.pharmaconasia.com/pricing/
838,Febianti@informa.com,https://www.pharmaconasia.com/pricing/
839,wong@informa.com,https://www.pharmaconasia.com/pricing/
840,Chin@informa.com,https://www.pharmaconasia.com/pricing/
841,Thian@informa.com,https://www.pharmaconasia.com/pricing/
842,Leong@informa.com,https://www.pharmaconasia.com/pricing/
843,tan@informa.com,https://www.pharmaconasia.com/pricing/
844,register@informa.com,https://www.pharmaconasia.com/pricing/
845,febianti@informa.com,https://www.pharmaconasia.com/pharmaceutical-regulatory-affairs-agenda/
846,febianti@outlook.com,https://www.pharmaconasia.com/pharmaceutical-regulatory-affairs-agenda/
847,Tan@informa.com,https://www.pharmaconasia.com/partners/
848,custservprivacy@dnb.com,https://www.dnb.com/utility-pages/privacy-policy.html
849,customersupport@hoovers.com,https://www.dnb.com/utility-pages/privacy-policy.html
850,eudpo@dnb.com,https://www.dnb.com/utility-pages/privacy-policy.html
851,EUDPO@dnb.com,https://www.dnb.com/utility-pages/privacy-policy.html
852,Leong@informa.con,https://www.pharmaconasia.com/accelerating-clinical-trials-agenda/
853,pharma@siemens.com,https://new.siemens.com/global/en/markets/pharma-industry.html
854,chia@siemens.com,http://sg.siemens.com/business/Healthcare/
855,kohli@siemens.com,http://sg.siemens.com/business/Healthcare/
856,lim@siemens.com,http://sg.siemens.com/business/Healthcare/
857,mcdougall@astellas.com,https://www.apmsingapore.org/
858,samjones@sitename.com,http://www.polymedic.com/
859,pharma@polymedic.com,http://www.polymedic.com/
860,enquiry@pharmaforte.com,http://pharmaforte.com.sg/contact-us/
861,secretariat@ifapp.org,https://ifapp.org/
862,admin@gtimedia.asia,https://gradsingapore.com/terms-of-use-and-privacy-policy
863,contact@gtimedia.asia,http://www.gtimedia.asia
864,my@gtimedia.asia,http://www.gtimedia.asia
865,sg@gtimedia.asia,http://www.gtimedia.asia
866,mediarelations@technologyreview.com,http://emtechasia.mystrikingly.com/blog/mit-technology-review-announces-2018-s-10-innovators-under-35-asia
867,u003emediarelations@technologyreview.com,http://emtechasia.mystrikingly.com/blog/mit-technology-review-announces-2018-s-10-innovators-under-35-asia
868,grace@sginnovate.com,http://emtechasia.mystrikingly.com/blog/mit-technology-review-announces-2018-s-10-innovators-under-35-asia
869,u003egrace@sginnovate.com,http://emtechasia.mystrikingly.com/blog/mit-technology-review-announces-2018-s-10-innovators-under-35-asia
870,huang@koelnmesse.com,http://emtechasia.mystrikingly.com/blog/mit-technology-review-announces-2018-s-10-innovators-under-35-asia
871,li_jia0102@wuxiapptec.com,https://www.wuxibiologics.com/wuxi-biologics-congratulates-tychan-completing-human-safety-studies-first-class-zika-virus-antibody-record-speed/
872,info@wuxibiologics.com,https://www.wuxibiologics.com/wuxi-biologics-congratulates-tychan-completing-human-safety-studies-first-class-zika-virus-antibody-record-speed/
873,KCP@kcc.com,https://www.kcprofessional.com.sg/about-us
874,digital@mmactiv.com,https://www.nuffoodsspectrum.in/
875,pdpa@sgh.com,https://www.sgh.com.sg/about-us/Pages/PDPA.aspx
876,pdpa@kkh.com,https://www.sgh.com.sg/about-us/Pages/PDPA.aspx
877,Office@nccs.com,https://www.sgh.com.sg/about-us/Pages/PDPA.aspx
878,DPO@ndcs.com,https://www.sgh.com.sg/about-us/Pages/PDPA.aspx
879,pdpa@nni.com,https://www.sgh.com.sg/about-us/Pages/PDPA.aspx
880,pdpa@snec.com,https://www.sgh.com.sg/about-us/Pages/PDPA.aspx
881,shppdpa@singhealth.com,https://www.sgh.com.sg/about-us/Pages/PDPA.aspx
882,enquiries@bvh.org,https://www.sgh.com.sg/about-us/Pages/PDPA.aspx
883,grcctrc1@sgh.com,https://www.sgh.com.sg/research-innovation/research-dept-centres/ctrc/pages/volunteers.aspx
884,giftstosgh@sgh.com,https://www.sgh.com.sg/giving/contact-giving
885,ian@sgh.com,https://www.sgh.com.sg/patient-care/visitor-information
886,pgahi@sgh.com,https://www.sgh.com.sg/patient-care/visitor-information
887,pgmi@sgh.com,https://www.sgh.com.sg/patient-care/visitor-information
888,sghfeedback@sgh.com,https://www.sgh.com.sg/patient-care/visitor-information
889,volunteers@sgh.com,https://www.sgh.com.sg/patient-care/visitor-information
890,pls@sgh.com,https://www.sgh.com.sg/patient-care/visitor-information
891,mss@sgh.com,https://www.sgh.com.sg/patient-care/visitor-information
892,media@sgh.com,https://www.sgh.com.sg/about-us/news-room
893,service@sgh.com,https://www.sgh.com.sg/patient-care/visiting-specialist/Pages/medication-delivery.aspx
894,ar@1fss.com,https://www.sgh.com.sg/patient-care/visiting-specialist/Pages/Payment-Information.aspx
895,payment@1fss.com,https://www.sgh.com.sg/patient-care/visiting-specialist/Pages/Payment-Information.aspx
896,nurse@sgh.com,https://www.sgh.com.sg/patient-care/specialties-services/nursing/pages/community-nursing-in-the-southeast.aspx
897,psychosocialoncology@nccs.com,https://www.sgh.com.sg/news/medical-news-singhealth/cancer-patients-continue-to-receive-supportive-care-through-the-covid-19-pandemic
898,patientsupport@nccs.com,https://www.sgh.com.sg/news/medical-news-singhealth/cancer-patients-continue-to-receive-supportive-care-through-the-covid-19-pandemic
899,integration@sgh.com,https://www.sgh.com.sg/news/singapore-health/the-over-65s-club
900,name@email.com,https://xjobs.brassring.com/TGnewUI/Search/Home/Home?partnerid=26203&siteid=5305
901,Residency@singhealth.com,https://www.sgh.com.sg/pgmi/fellowship_attachments/Pages/How-to-Apply.aspx
902,fellowships@sgh.com,https://www.sgh.com.sg/pgmi/fellowship_attachments/Pages/How-to-Apply.aspx
903,sghlibrary@sgh.com,https://www.sgh.com.sg/pgmi/events/Pages/Pre-Medical-Student-Talks.aspx
904,adminado@sgh.com,https://www.sgh.com.sg/education-training/undergraduate-medical-education/Pages/Application-for-Elective-Posting-for-Overseas-Medical-Students.aspx
905,mps@sma.org,https://www.sgh.com.sg/education-training/undergraduate-medical-education/Pages/Application-for-Elective-Posting-for-Overseas-Medical-Students.aspx
906,nursing@singhealthacademy.edu,https://www.singhealthacademy.edu.sg/ccn
907,lab@sgh.com,https://www.sgh.com.sg/research-innovation/research-dept-centres/Biomechanics/
908,consultation@sgh.com,https://www.sgh.com.sg/research-innovation/research-dept-centres/CTS
909,medicalreport@sgh.com,https://www.sgh.com.sg/mro
910,museum@sgh.com,https://www.sgh.com.sg/about-us/corporate-profile/Pages/SGH-Museum.aspx
911,healthservicesresearch@sgh.com,https://www.sgh.com.sg/research-innovation/research-dept-centres/Pages/health-services-research.aspx
912,GP0nGPnetwork@sgh.com,https://www.sgh.com.sg/patient-care/visiting-specialist/Patient-Liaison-Service/
913,GPnetwork@sgh.com,https://www.sgh.com.sg/patient-care/visiting-specialist/Patient-Liaison-Service/
914,artsforhealth@sgh.com,https://www.sgh.com.sg/about-us/volunteer/contact-community-relation
915,singhealth@tipoffs.com,https://www.singhealth.com.sg/about-singhealth/corporate-profile/Pages/Whistle-blowing-policy.aspx
916,feedback@singhealth.com,https://www.singhealth.com.sg/about-singhealth/corporate-profile/Pages/Whistle-blowing-policy.aspx
917,hua@singhealth.com,https://www.sgh.com.sg/research-innovation/research-dept-centres/radiological-sciences
918,ling@singhealth.com,https://www.sgh.com.sg/research-innovation/research-dept-centres/radiological-sciences
919,mani@mmactiv.com,https://www.biospectrumasia.com/subscription/Subscription.php
920,contact@gradsingapore.com,https://gradsingapore.com/contact-us
921,sales@gradsingapore.com,https://gradsingapore.com/contact-us
922,marketing@gradsingapore.com,https://gradsingapore.com/contact-us
923,candysoh@cogentcomms.com,https://www.hyphensgroup.com/contact/
924,TFadmin@temasekfoundation.org,https://www.temasekfoundation-ecosperity.org.sg/
925,info@tychanltd.com,https://www.tychan.com/
926,careers@tychanltd.com,https://www.tychan.com/
927,ipitch@inovapharma.com,https://www.coventured.co/programs/view/260
928,privacy@group247ww.com,https://inovapharma.com/sitemap/
929,drugsafety@group247ww.com,https://inovapharma.com/sitemap/
930,privacy@inovapharma.com,https://inovapharma.com/sitemap/
931,unsubscribe@inovapharma.com,https://inovapharma.com/privacy/
932,dev@group247ww.com,https://inovapharma.com/business-development/
933,dev@inovapharma.com,https://inovapharma.com/business-development/
934,drugsafety@inovapharma.com,https://inovapharma.com/product-safety/
935,Drugsafety@inovapharma.com,https://inovapharma.com/product-safety/
936,Allergaurd@3x.png,https://inovapharma.com
937,Allvit@3x.png,https://inovapharma.com
938,Cal@3x.png,https://inovapharma.com
939,Bonvit@3x.png,https://inovapharma.com
940,Citrate@3x.png,https://inovapharma.com
941,Vit@3x.png,https://inovapharma.com
942,Disipal@3x.png,https://inovapharma.com
943,Forte@3x.png,https://inovapharma.com
944,Lactocare@3x.png,https://inovapharma.com
945,Magnesium@3x.png,https://inovapharma.com
946,Metrogel@3x.png,https://inovapharma.com
947,Migril@3x.png,https://inovapharma.com
948,Norflex@3x.png,https://inovapharma.com
949,Nuelin@3x.png,https://inovapharma.com
950,Optimega@3x.png,https://inovapharma.com
951,PregoMega@3x.png,https://inovapharma.com
952,Plus@3x.png,https://inovapharma.com
953,M@3x.png,https://inovapharma.com
954,MR@3x.png,https://inovapharma.com
955,plus@3x.png,https://inovapharma.com
956,rupanase@3x.png,https://inovapharma.com
957,Aid@3x.png,https://inovapharma.com
958,StaminoGro@3x.png,https://inovapharma.com
959,Tambocor@3x.png,https://inovapharma.com
960,customerservice@inovapharma.com,https://inovapharma.com/contact-us/
961,medical@inovapharma.com,https://inovapharma.com/contact-us/
962,zaf@inovapharma.com,https://inovapharma.com/contact-us/
963,_Logo_160x@2x.png,https://kynd.life/
964,Kynd_Women_s_Multivitamin_Skin_Front_450x@2x.png,https://kynd.life/
965,Kynd_Women_s_Multivitamin_Skin_Front_450x@3x.png,https://kynd.life/
966,Kynd_Magnesium_Bio_1200_Front_450x@2x.png,https://kynd.life/
967,Kynd_Magnesium_Bio_1200_Front_450x@3x.png,https://kynd.life/
968,Kynd_Collagen__Front_450x@2x.png,https://kynd.life/
969,Kynd_Collagen__Front_450x@3x.png,https://kynd.life/
970,nea_pcd_tw@nea.gov,https://www.nea.gov.sg/our-services/pollution-control/hazardous-waste/toxic-waste-control
971,privacy@hays.com,https://www.hays.com.sg/thrive-terms-of-use
972,DPO_SG@bausch.com,http://www.bausch.com.sg/en/reference/privacy-policy/
973,CustSrvc_AU@bausch.com,http://www.bausch.com.sg/en/reference/global-offices/
974,wien@bausch.com,http://www.bausch.com.sg/en/reference/global-offices/
975,visioncarebe@bausch.com,http://www.bausch.com.sg/en/reference/global-offices/
976,surgicalbe@bausch.com,http://www.bausch.com.sg/en/reference/global-offices/
977,sac@bausch.com,http://www.bausch.com.sg/en/reference/global-offices/
978,office@bausch.bg,http://www.bausch.com.sg/en/reference/global-offices/
979,vrsinska@bausch.com,http://www.bausch.com.sg/en/reference/global-offices/
980,kontakt@bausch.com,http://www.bausch.com.sg/en/reference/global-offices/
981,drwinzer@bausch.com,http://www.bausch.com.sg/en/reference/global-offices/
982,CustSvc_GRE@bausch.com,http://www.bausch.com.sg/en/reference/global-offices/
983,custsvc_me@bausch.com,http://www.bausch.com.sg/en/reference/global-offices/
984,plinfo@bausch.com,http://www.bausch.com.sg/en/reference/global-offices/
985,custsvc_uk@bausch.com,http://www.bausch.com.sg/en/reference/global-offices/
986,little@valeant.com,http://www.bausch.com.sg/en/our-company/newsroom/media-contacts/
987,guerra@bausch.com,http://www.bausch.com.sg/en/our-company/newsroom/media-contacts/
988,relevanz@medienpalast.net,https://www.schwabe-group.com/en/
989,privacyofficer@lonza.com,https://pharma.lonza.com/policies/privacy-policy
990,webfeedback@lonza.com,https://pharma.lonza.com/policies/legal-disclaimer
991,nschomedelivery@nsc.com,https://www.nsc.com.sg/Patient-Guide/Clinics-and-Services/Services/Pharmacy-Services/Pages/Delivery-Services.aspx
992,dental_centre@nuhs.edu,https://www.nucohs.com.sg/Pages/home.aspx
993,pr@nsc.com,https://www.nsc.com.sg/Pages/Personal-Data-Protection-Notification.aspx
994,Khan@cvent.com,https://www.cvent.com/in
995,ADahiya@cvent.com,https://www.cvent.com/ae
996,salesforce@cvent.com,https://www.cvent.com/personal-data-requests?ccpa=ca
997,FDuenas@cvent.com,https://www.cvent.com/en/product-terms-of-use
998,AnkitSharma@cvent.com,https://www.cvent.com/uk/event-management-software/free-trial-terms-and-conditions
999,Alami@cvent.com,https://www.cvent.com/en/contact/support
1000,cardiac_clinics@nuhs.edu,https://www.nuhcs.com.sg/Pages/default.aspx
1001,nscqa@nsc.com,https://www.nsc.com.sg/Patient-Guide/Patient-Information/Pages/Request-of-Medical-Report.aspx
1002,G@cvent.com,https://www.cvent.com/sg/cvent-news-and-press-releases
1003,PCarlson@cvent.com,https://www.cvent.com/en/podcast
1004,AnuragJ@cvent.com,https://www.cvent.com/sg/referring-rewarding
1005,Mishra@cvent.com,https://www.cvent.com/sg/cvent-certification
1006,Kumar@cvent.com,https://www.cvent.com/sg/search-results?search=onsite%20solutions
1007,pharmacy@nsc.com,https://www.nsc.com.sg/Patient-Guide/contact-us/Pages/Contact-Us.aspx
1008,nsc_hrd@nsc.com,https://www.nsc.com.sg/Patient-Guide/contact-us/Pages/Contact-Us.aspx
1009,training@nsc.com,https://www.nsc.com.sg/Patient-Guide/contact-us/Pages/Contact-Us.aspx
1010,AH_appointment@nuhs.edu,https://www.ah.com.sg/Pages/Home.aspx
1011,communications@nuhs.edu,https://www.nuhs.edu.sg/Pages/Disclaimer.aspx
1012,JHCampus_enquiries@nuhs.edu,https://www.jch.com.sg/
1013,appointments@nsc.com,https://www.nsc.com.sg/Patient-Guide/Appointment/Pages/Appointment-Overview.aspx
1014,NUP_DPO@nuhs.edu,https://www.nup.com.sg/Pages/PDPA.aspx
1015,NUHS_DPOffice@nuhs.edu,https://www.nup.com.sg/Pages/Terms-of-Use.aspx
1016,customerservice@guardian.com,https://www.guardian.com.sg/terms-and-conditions
1017,nuhsfund@nuhs.edu,https://www.nuhs.edu.sg/Pages/Home.aspx
1018,contact@nuhs.edu,https://www.nup.com.sg/Pages/Contact-NUP.aspx
1019,nup_feedback@nuhs.edu,https://www.nup.com.sg/Pages/Contact-NUP.aspx
1020,nup_media@nuhs.edu,https://www.nup.com.sg/Pages/Contact-NUP.aspx
1021,ncis@nuhs.edu,https://www.ncis.com.sg/Pages/Home.aspx
1022,GDDPO@guardian.com,https://www.guardian.com.sg/privacypolicy
1023,enquiries@aic.sg,https://www.aic.sg/
1024,apo@nuhs.edu,https://www.nuhs.edu.sg/research/NUHS-Centres-of-Excellence/Pages/COE_Home.aspx
1025,nusmedcet@nus.edu,https://www.nuhs.edu.sg/education/healthcare-professionals-administrators/CET/Pages/default.aspx
1026,chpt@nuhs.edu,https://www.nuhs.edu.sg/education/healthcare-professionals-administrators/CET/Pages/default.aspx
1027,meng_er_lau@nuhs.edu,https://www.nuhs.edu.sg/education/healthcare-professionals-administrators/CET/Pages/default.aspx
1028,Samiappan_Thaivanai@nuhs.edu,https://www.nuhs.edu.sg/education/healthcare-professionals-administrators/CET/Pages/default.aspx
1029,Sarina_Idris@nuhs.edu,https://www.nuhs.edu.sg/education/healthcare-professionals-administrators/CET/Pages/default.aspx
1030,Noormazreen_maswan@nuhs.edu,https://www.nuhs.edu.sg/education/healthcare-professionals-administrators/CET/Pages/default.aspx
1031,talent@mohh.com,https://www.nuhs.edu.sg:443/About-NUHS/careers/Pages/scholarships-sponsorships.aspx
1032,nup_careers@nuhs.edu,https://www.nup.com.sg/Pages/About%20Us/about-us-Join-The-Team.aspx
1033,gslonza@lonza.com,https://pharma.lonza.com/offerings/specialized-capabilities/technical-support
1034,xstechnologies@lonza.com,https://pharma.lonza.com/offerings/specialized-capabilities/technical-support
1035,mastsampling@lonza.com,https://bioscience.lonza.com/lonza_bs/CH/en/an-introduction-to-automated-aseptic-sampling
1036,walkersville@lonza.com,https://bioscience.lonza.com/lonza_bs/CH/en/bioprocessing-media
1037,verviers@lonza.com,https://bioscience.lonza.com/lonza_bs/CH/en/bioprocessing-media
1038,Department@nielsen.com,https://sites.nielsen.com/legal/privacy-statement/exelate-privacy-policy/opt-in-opt-out/
1039,tab@2x.png,https://www.nielsen.com/sg/en/legal/privacy-policy/
1040,square@2x.png,https://www.nielsen.com/sg/en/legal/privacy-policy/
1041,footer@2x.png,https://www.nielsen.com/sg/en/legal/privacy-policy/
1042,icon@2x.png,https://www.nielsen.com/sg/en/legal/privacy-policy/
1043,sg@nielsen.com,https://www.nielsen.com/sg/en/contact-us/
1044,colagrossi@nielsen.com,https://www.nielsen.com/sg/en/contact-us/
1045,kenny@2x.jpg,https://www.nielsen.com/sg/en/about-us/leadership/
1046,dodd@2x.jpg,https://www.nielsen.com/sg/en/about-us/leadership/
1047,corporatepressinquiries@nielsen.com,https://www.nielsen.com/sg/en/press-releases/
1048,Sultana@nielsen.com,https://www.nielsen.com/sg/en/press-releases/
1049,Helliker@nielsen.com,https://www.nielsen.com/sg/en/press-releases/
1050,nishimura@nielsen.com,https://www.nielsen.com/sg/en/press-releases/
1051,Lim@nielsen.com,https://www.nielsen.com/sg/en/press-releases/
1052,Lubis@nielsen.com,https://www.nielsen.com/sg/en/press-releases/
1053,Martija@nielsen.com,https://www.nielsen.com/sg/en/press-releases/
1054,Gomez@nielsen.com,https://www.nielsen.com/sg/en/press-releases/
1055,Patra@nielsen.com,https://www.nielsen.com/sg/en/press-releases/
1056,Maneeruttanaporn@nielsen.com,https://www.nielsen.com/sg/en/press-releases/
1057,tran@nielsen.com,https://www.nielsen.com/sg/en/press-releases/
1058,lee@nielsen.com,https://www.nielsen.com/sg/en/solutions/capabilities/nielsen-syndicated/
1059,ir@nielsen.com,https://ir.nielsen.com/investor-relations/investor-overview/default.aspx
1060,caring@bausch.com,http://www.bausch.com.sg/en/our-company/grants-and-charitable-contributions/
1061,sg@bausch.com,http://www.bausch.com.sg/en/our-company/contact-us/
1062,privacy@hays.cn,https://www.hays.com.sg/privacy-policy
1063,privacy@hays.co,https://www.hays.com.sg/privacy-policy
1064,info@hays.co,https://www.hays.com.sg/privacy-policy
1065,info@hays.com,https://www.hays.com.sg/terms-and-conditions
1066,Title@2x.png,http://www.biotrue.com.hk/
1067,RangeShot@2x.png,http://www.biotrue.com.hk/
1068,16hrs@2x.png,http://www.biotrue.com.hk/
1069,9@2x.png,http://www.biotrue.com.hk/
1070,2x@2x.png,http://www.biotrue.com.hk/
1071,SVS@2x.png,http://www.biotrue.com.hk/
1072,product@2x.png,http://www.biotrue.com.hk/
1073,benefit@2x.png,http://www.biotrue.com.hk/
1074,btn@2x.png,http://www.biotrue.com.hk/
1075,title@2x.png,http://www.biotrue.com.hk/
1076,svs@2x.png,http://www.biotrue.com.hk/
1077,spec@2x.png,http://www.biotrue.com.hk/
1078,toric@2x.png,http://www.biotrue.com.hk/
1079,mf@2x.png,http://www.biotrue.com.hk/
1080,haysjournal@hays.com,https://www.hays.com.sg/hays-journal
1081,singapore@hays.com,https://m.hays.com.sg/all-offices/?_ga=2.75121364.730912555.1582848886-2131175238.1575263632
1082,mexico@bauschhealth.com,http://www.bauschhealth.com.mx
1083,gray@1.6,https://hayslearning.com.sg/thriving-in-the-new-era-of-work/
1084,thrive@hays.com,https://hayslearning.com.sg/thriving-in-the-new-era-of-work/
1085,observer@0.7,https://hayslearning.com.sg/thriving-in-the-new-era-of-work/
1086,lazyload@12.4,https://hayslearning.com.sg/thriving-in-the-new-era-of-work/
1087,clientmmiddleeast@hays.com,https://www.hays.ae/
1088,clientmiddleeast@hays.com,https://www.hays.ae/
1089,Lok@hays.com,https://www.hays.com.sg/join-hays
1090,enquiries@sunwardpharma.com,http://www.sunwardpharma.com/sunward_contactus.html
1091,hr@sunwardpharma.com,http://www.sunwardpharma.com/sunward_contactus.html
1092,contact_nea@nea.gov,https://www.nea.gov.sg/corporate-functions/terms-of-use
1093,Contact_NEA@nea.gov,https://play.google.com/store/apps/details?id=sg.gov.nea&hl=en
1094,service@hays.de,https://www.hays.de/
1095,moscow@hays.ru,https://hays.ru/
1096,info@cleanenvirosummit.sg,https://www.cleanenvirosummit.sg/
1097,Au_Ann_Teck@nea.gov,https://www.nea.gov.sg/our-services/pollution-control/hazardous-waste/toxic-waste-control/instructions-to-register-as-a-user
1098,Daniel_Teo@nea.gov,https://www.nea.gov.sg/our-services/pollution-control/hazardous-waste/toxic-waste-control/instructions-to-register-as-a-user
1099,support@singpass.gov,https://www.corppass.gov.sg/cpauth/login/homepage?TAM_OP=login
1100,support@corppass.gov,https://www.corppass.gov.sg/cpauth/login/homepage?TAM_OP=login
1101,media@nea.gov,https://www.nea.gov.sg/media
1102,LU_Honghong@nea.gov,https://www.nea.gov.sg/programmes-grants/schemes
1103,Pitt_Yu_Zhe@nea.gov,https://www.nea.gov.sg/programmes-grants/schemes
1104,NNI_Secretariat@nni.com,http://www.schwabepharma-apac.com/events.aspx
1105,port_health_cro@nea.gov,https://www.nea.gov.sg/our-services/port-health
1106,CONTACT_MHD@mom.gov,https://www.nea.gov.sg/our-services/development-control
1107,Geneva@Santen.com,https://www.santen.com/en/about/outline/group.jsp
1108,ist@santeninc.com,https://www.santen.com/en/rd/
1109,privacy@cargill.com,https://www.cargill.com/page/privacy-center
1110,carousel@1.8,https://careers.cargill.com/diversity/
1111,fancybox@3.5,https://careers.cargill.com/diversity/
1112,sales@alliance.md,https://www.alliancepharm.com.sg/location/
1113,sg@sg.pwc,https://www.pwc.com/content/pwc/global/forms/contactUsNew.html?parentPagePath=/content/pwc/sg/en&style=pwc&territory=sg&contactLink=/content/pwc/sg/en/contacts/p/pwc-sg
1114,training@dpseng.com,https://dpseng.com.sg/privacy-policy/
1115,john@pharma.com,https://dpseng.com.sg/apply-now/
1116,dpo@cgh.com,https://www.cgh.com.sg/Pages/privacystatement.aspx
1117,feedback@cgh.com,https://www.cgh.com.sg/Pages/termsofuse.aspx
1118,medicalreport@cgh.com,https://www.cgh.com.sg/patients-visitors/Pages/Request-Medical-Reports.aspx
1119,mypharmacist@cgh.com,https://www.cgh.com.sg/centres-services/Pages/Medication-Delivery-Services.aspx
1120,careers@yms.com,https://www.yms.com.sg/career/
1121,kem1@pharmex.com,https://www.medicalsupplies.com.sg/contact
1122,oth@pharmex.com,https://www.medicalsupplies.com.sg/contact
1123,HMU@cgh.com,https://www.cgh.com.sg/centres-services/Pages/health-management-unit.aspx
1124,acp_office@cgh.com,https://www.cgh.com.sg/centres-services/Pages/acp.aspx
1125,Ask_a_therapist@cgh.com,https://www.cgh.com.sg/centres-services/Pages/rehabilitativeservices.aspx
1126,chc@easternhealth.sg,https://www.cgh.com.sg/centres-services/eastern-chc/Pages/contact-eastern-chc.aspx
1127,community_nursing@cgh.com,https://www.cgh.com.sg/centres-services/community-health-services/Pages/Community-Nursing-in-the-East.aspx
1128,ECHO@cgh.com,https://www.cgh.com.sg/centres-services/community-health-services/Pages/eastern-community-health-outreach.aspx
1129,CA_Development@cgh.com,https://www.cgh.com.sg/givingback/Pages/changi-health-fund.aspx
1130,Friends_Of_CGH@cgh.com,https://www.cgh.com.sg/givingback/Pages/friends-of-cgh.aspx
1131,csi@cgh.com,https://www.cgh.com.sg/healthcare-professionals/Pages/ChangiSimulationInstitute.aspx
1132,BD@cgh.com,https://www.cgh.com.sg/centres-services/Changi%20Occupational%20Health%20Service/Pages/default.aspx
1133,contactus@hce.com,https://www.cgh.com.sg/patients-visitors/Pages/going-home.aspx
1134,media@cgh.com,https://www.cgh.com.sg/newsroom/Pages/default.aspx
1135,creaner@getreskilled.com,https://dpseng.com.sg/frequently-asked-questions-faq/
1136,welch@getreskilled.com,https://dpseng.com.sg/frequently-asked-questions-faq/
1137,career@cgh.com,https://www.cgh.com.sg/healthcare-professionals/Pages/Residency-Programme.aspx
1138,geraldine@dpseducation.org,https://dpseng.com.sg/contact-us/
1139,cust_service@union.com,https://www.union.com.sg/contact-us/
1140,Argos_Bosse@singaporeair.com,http://www.siacargo.com/world_offices.asp
1141,boblyerly@gmail.com,http://www.siacargo.com/world_offices.asp
1142,Boblyerly@gmail.com,http://www.siacargo.com/world_offices.asp
1143,Joliemcmonigle@gmail.com,http://www.siacargo.com/world_offices.asp
1144,SingaporeCargoAtlanta@gmail.com,http://www.siacargo.com/world_offices.asp
1145,Sobi@allianceground.com,http://www.siacargo.com/world_offices.asp
1146,Atlimports@allianceground.com,http://www.siacargo.com/world_offices.asp
1147,SQORDOPS@AllianceGround.com,http://www.siacargo.com/world_offices.asp
1148,SIAcargo_ORD@Singaporeair.com,http://www.siacargo.com/world_offices.asp
1149,SQDFW@pinnaclelogistics.com,http://www.siacargo.com/world_offices.asp
1150,Siacargo_TxSales@singaporeair.com,http://www.siacargo.com/world_offices.asp
1151,Siacargo_TxOps@singaporeair.com,http://www.siacargo.com/world_offices.asp
1152,sqiahexport@casusa.com,http://www.siacargo.com/world_offices.asp
1153,SiacargoLax@allianceground.com,http://www.siacargo.com/world_offices.asp
1154,SIACargo_LAX@singaporeair.com,http://www.siacargo.com/world_offices.asp
1155,SIACargo_LAXFFSQ@singaporeair.com,http://www.siacargo.com/world_offices.asp
1156,Elizabeth_Estremo@singaporeair.com,http://www.siacargo.com/world_offices.asp
1157,SQCARGO_JFKSALES@singaporeair.com,http://www.siacargo.com/world_offices.asp
1158,SIACargo_SFO@singaporeair.com,http://www.siacargo.com/world_offices.asp
1159,Dory_Smets@singaporeair.com,http://www.siacargo.com/world_offices.asp
1160,Nete_Kilting@singaporeair.com,http://www.siacargo.com/world_offices.asp
1161,jmaaltonen@hwffinland.fi,http://www.siacargo.com/world_offices.asp
1162,Jmaaltonen@hwffinland.fi,http://www.siacargo.com/world_offices.asp
1163,Fabienne_Anselle@singaporeair.com,http://www.siacargo.com/world_offices.asp
1164,Bjoern_Hausch@singaporeair.com,http://www.siacargo.com/world_offices.asp
1165,Manfred_Zmuda@singaporeair.com,http://www.siacargo.com/world_offices.asp
1166,Volker_Bischoff@singaporeair.com,http://www.siacargo.com/world_offices.asp
1167,christina_melisssourgou@asianaviation.co,http://www.siacargo.com/world_offices.asp
1168,Christina_Melisssourgou@asianaviation.co,http://www.siacargo.com/world_offices.asp
1169,sia@asianaviation.co,http://www.siacargo.com/world_offices.asp
1170,Sia@asianaviation.co,http://www.siacargo.com/world_offices.asp
1171,ie@haegroup.com,http://www.siacargo.com/world_offices.asp
1172,fabio_testa@singaporeair.com,http://www.siacargo.com/world_offices.asp
1173,Fabio_Testa@singaporeair.com,http://www.siacargo.com/world_offices.asp
1174,M_DiGiambattista@singaporeair.com,http://www.siacargo.com/world_offices.asp
1175,Maria_Petruzziello@singaporeair.com,http://www.siacargo.com/world_offices.asp
1176,dme@ffcargo.ru,http://www.siacargo.com/world_offices.asp
1177,Dme@ffcargo.ru,http://www.siacargo.com/world_offices.asp
1178,selyankin@ffcargo.ru,http://www.siacargo.com/world_offices.asp
1179,Selyankin@ffcargo.ru,http://www.siacargo.com/world_offices.asp
1180,Biren_poh@singaporeair.com,http://www.siacargo.com/world_offices.asp
1181,Biren_Poh@singaporeair.com,http://www.siacargo.com/world_offices.asp
1182,reservasbcn@airlogisticsgroup.com,http://www.siacargo.com/world_offices.asp
1183,Reservasbcn@airlogisticsgroup.com,http://www.siacargo.com/world_offices.asp
1184,Sweden_SQcargo@singaporeair.com,http://www.siacargo.com/world_offices.asp
1185,laurence_coppee@singaporeair.com,http://www.siacargo.com/world_offices.asp
1186,Laurence_Coppee@singaporeair.com,http://www.siacargo.com/world_offices.asp
1187,cgo_zrhsales@singaporeair.com,http://www.siacargo.com/world_offices.asp
1188,Cgo_Zrhsales@singaporeair.com,http://www.siacargo.com/world_offices.asp
1189,amsops_cgo@singaporeair.com,http://www.siacargo.com/world_offices.asp
1190,Amsops_Cgo@singaporeair.com,http://www.siacargo.com/world_offices.asp
1191,sales@dcargo.com,http://www.siacargo.com/world_offices.asp
1192,Sales@dcargo.com,http://www.siacargo.com/world_offices.asp
1193,Mustafa_Aktay@singaporeair.com,http://www.siacargo.com/world_offices.asp
1194,Sqcargosales_lhr@singaporeair.com,http://www.siacargo.com/world_offices.asp
1195,Sqcargosales_Lhr@singaporeair.com,http://www.siacargo.com/world_offices.asp
1196,SQCargoCustSvcs_lhr@singaporeair.com,http://www.siacargo.com/world_offices.asp
1197,Graham_Hughes@singaporeair.com,http://www.siacargo.com/world_offices.asp
1198,hui_hu@singaporeair.com,http://www.siacargo.com/world_offices.asp
1199,Hui_Hu@singaporeair.com,http://www.siacargo.com/world_offices.asp
1200,Shaokun_Hu@singaporeair.com,http://www.siacargo.com/world_offices.asp
1201,Chengxiang_Chen@singaporeair.com,http://www.siacargo.com/world_offices.asp
1202,CHui_Hu@singaporeair.com,http://www.siacargo.com/world_offices.asp
1203,Yuwei_Wu@singaporeair.com,http://www.siacargo.com/world_offices.asp
1204,Kevin_Wangcq@singaporeair.com,http://www.siacargo.com/world_offices.asp
1205,Ben_Cheng@singaporeair.com,http://www.siacargo.com/world_offices.asp
1206,Robert_Liu@singaporeair.com,http://www.siacargo.com/world_offices.asp
1207,Yuan_Hong@singaporeair.com,http://www.siacargo.com/world_offices.asp
1208,Tatsuya_Yoshimura@singaporeair.com,http://www.siacargo.com/world_offices.asp
1209,Makiko_Kawahara@singaporeair.com,http://www.siacargo.com/world_offices.asp
1210,daisuke_kato@singaporeair.com,http://www.siacargo.com/world_offices.asp
1211,Daisuke_Kato@singaporeair.com,http://www.siacargo.com/world_offices.asp
1212,shiro_yamagami@singaporeair.com,http://www.siacargo.com/world_offices.asp
1213,Shiro_Yamagami@singaporeair.com,http://www.siacargo.com/world_offices.asp
1214,sanshiro_katagiri@singaporeair.com,http://www.siacargo.com/world_offices.asp
1215,Sanshiro_Katagiri@singaporeair.com,http://www.siacargo.com/world_offices.asp
1216,toshiaki_maeda@singaporeair.com,http://www.siacargo.com/world_offices.asp
1217,Toshiaki_Maeda@singaporeair.com,http://www.siacargo.com/world_offices.asp
1218,Shota_Nakagawa@singaporeair.com,http://www.siacargo.com/world_offices.asp
1219,Natsumi_Sakamoto@singaporeair.com,http://www.siacargo.com/world_offices.asp
1220,Woohyuk_Kim@singaporeair.com,http://www.siacargo.com/world_offices.asp
1221,abu_saleh@singaporeair.com,http://www.siacargo.com/world_offices.asp
1222,Ataur_rahman@singaporeair.com,http://www.siacargo.com/world_offices.asp
1223,Nasim_Jahanhussain@singaporeair.com,http://www.siacargo.com/world_offices.asp
1224,Tanvir_Hussain@singaporeair.com,http://www.siacargo.com/world_offices.asp
1225,Aquilin_Dcruz@singaporeair.com,http://www.siacargo.com/world_offices.asp
1226,Sangram_Singh@singaporeair.com,http://www.siacargo.com/world_offices.asp
1227,Preeti_Shukla@singaporeair.com,http://www.siacargo.com/world_offices.asp
1228,Jubilant_Johnson@singaporeair.com,http://www.siacargo.com/world_offices.asp
1229,Jomis_Mathew@singaporeair.com,http://www.siacargo.com/world_offices.asp
1230,Mohammed_Akmal@singaporeair.com,http://www.siacargo.com/world_offices.asp
1231,Leo_Esthok@singaporeair.com,http://www.siacargo.com/world_offices.asp
1232,Melanie_Dnazareth@singaporeair.com,http://www.siacargo.com/world_offices.asp
1233,Shilpa_Ramesh@singaporeair.com,http://www.siacargo.com/world_offices.asp
1234,Lalitha_Bhaskar@singaporeair.com,http://www.siacargo.com/world_offices.asp
1235,Sqcargo_del@singaporeair.com,http://www.siacargo.com/world_offices.asp
1236,Sqcargo_Del@singaporeair.com,http://www.siacargo.com/world_offices.asp
1237,anupama_kachhap@singaporeair.com,http://www.siacargo.com/world_offices.asp
1238,P_Ramesh@singaporeair.com,http://www.siacargo.com/world_offices.asp
1239,Ashwin_ravish@singaporeair.com,http://www.siacargo.com/world_offices.asp
1240,Praveen_arora@singaporeair.com,http://www.siacargo.com/world_offices.asp
1241,Bejoy_John@singaporeair.com,http://www.siacargo.com/world_offices.asp
1242,T_Susanth@singaporeair.com,http://www.siacargo.com/world_offices.asp
1243,Louis_Alphonso@singaporeair.com,http://www.siacargo.com/world_offices.asp
1244,cgo_bomops@singaporeair.com,http://www.siacargo.com/world_offices.asp
1245,Vijay_Phadtare@singaporeair.com,http://www.siacargo.com/world_offices.asp
1246,Murad_Desai@singaporeair.com,http://www.siacargo.com/world_offices.asp
1247,Sameer_Vichare@singaporeair.com,http://www.siacargo.com/world_offices.asp
1248,Imranirshad_Khan@singaporeair.com,http://www.siacargo.com/world_offices.asp
1249,Operations@afrikav.com,http://www.siacargo.com/world_offices.asp
1250,Aishath_Niyan@singaporeair.com,http://www.siacargo.com/world_offices.asp
1251,Mohamed_Shiran@singaporeair.com,http://www.siacargo.com/world_offices.asp
1252,Sudhir_Pandey@singaporeair.com,http://www.siacargo.com/world_offices.asp
1253,abdu@mohsencargo.com,http://www.siacargo.com/world_offices.asp
1254,cargo_sharjah@singaporeair.com,http://www.siacargo.com/world_offices.asp
1255,cgo_jnb@singaporeair.com,http://www.siacargo.com/world_offices.asp
1256,Cgo_Jnb@singaporeair.com,http://www.siacargo.com/world_offices.asp
1257,Roderick_Roets@singaporeair.com,http://www.siacargo.com/world_offices.asp
1258,Falih_Cader@singaporeair.com,http://www.siacargo.com/world_offices.asp
1259,Cargo_Sharjah@singaporeair.com,http://www.siacargo.com/world_offices.asp
1260,Siacargo_sinsales@singaporeair.com,http://www.siacargo.com/world_offices.asp
1261,Siacargo_Sinsales@singaporeair.com,http://www.siacargo.com/world_offices.asp
1262,Aqeelah_Afefe@singaporeair.com,http://www.siacargo.com/world_offices.asp
1263,Visakha_Chap@singaporeair.com,http://www.siacargo.com/world_offices.asp
1264,rep_airport@singaporeair.com,http://www.siacargo.com/world_offices.asp
1265,Rep_Airport@singaporeair.com,http://www.siacargo.com/world_offices.asp
1266,ID_CGOSALES@singaporeair.com,http://www.siacargo.com/world_offices.asp
1267,Putu_Mahendra@singaporeair.com,http://www.siacargo.com/world_offices.asp
1268,ID_CGOOPS@singaporeair.com,http://www.siacargo.com/world_offices.asp
1269,Karel_Stephanus@singaporeair.com,http://www.siacargo.com/world_offices.asp
1270,Jirachart_Sadhu@singaporeair.com,http://www.siacargo.com/world_offices.asp
1271,Eric_Hohck@singaporeair.com,http://www.siacargo.com/world_offices.asp
1272,cke09@gmail.com,http://www.siacargo.com/world_offices.asp
1273,sales1@gmail.com,http://www.siacargo.com/world_offices.asp
1274,gsd_rgn@singaporeair.com,http://www.siacargo.com/world_offices.asp
1275,Guada_Leyros@singaporeair.com,http://www.siacargo.com/world_offices.asp
1276,mnlcgo_export@singaporeair.com,http://www.siacargo.com/world_offices.asp
1277,Alvin_Cruz@singaporeair.com,http://www.siacargo.com/world_offices.asp
1278,TrungHieu_Vo@singaporeair.com,http://www.siacargo.com/world_offices.asp
1279,Duynhat_Dang@singaporeair.com,http://www.siacargo.com/world_offices.asp
1280,Trunghieu_Vo@singaporeair.com,http://www.siacargo.com/world_offices.asp
1281,Cargo_Adl@singaporeair.com,http://www.siacargo.com/world_offices.asp
1282,Siacargo_Bnesales@singaporeair.com,http://www.siacargo.com/world_offices.asp
1283,Mathew_Ching@singaporeair.com,http://www.siacargo.com/world_offices.asp
1284,Sharon_yuen@singaporeair.com,http://www.siacargo.com/world_offices.asp
1285,Sharon_Yuen@singaporeair.com,http://www.siacargo.com/world_offices.asp
1286,Huachang_pui@singaporeair.com,http://www.siacargo.com/world_offices.asp
1287,Huachang_Pui@singaporeair.com,http://www.siacargo.com/world_offices.asp
1288,deejay_jassar@singaporeair.com,http://www.siacargo.com/world_offices.asp
1289,Deejay_Jassar@singaporeair.com,http://www.siacargo.com/world_offices.asp
1290,Sqcargo_melsales@singaporeair.com,http://www.siacargo.com/world_offices.asp
1291,Sqcargo_Melsales@singaporeair.com,http://www.siacargo.com/world_offices.asp
1292,Siacargo_Per@singaporeair.com,http://www.siacargo.com/world_offices.asp
1293,sqcargo_sydops@singaporeair.com,http://www.siacargo.com/world_offices.asp
1294,Sqcargo_Sydops@singaporeair.com,http://www.siacargo.com/world_offices.asp
1295,sqcargo_sydsales@singaporeair.com,http://www.siacargo.com/world_offices.asp
1296,Sqcargo_Sydsales@singaporeair.com,http://www.siacargo.com/world_offices.asp
1297,SQCargo_AKLops@singaporeair.com,http://www.siacargo.com/world_offices.asp
1298,Cargo_Chc@singaporeair.com,http://www.siacargo.com/world_offices.asp
1299,Sats_Cargo@sats.com,http://www.siacargo.com/hub.asp
1300,Cargo_BNE@singaporeair.com,http://www.siacargo.com/hub.asp
1301,SiaCargo_SYD@singaporeair.com,http://www.siacargo.com/hub.asp
1302,info@coolport.com,http://www.siacargo.com/hub.asp
1303,Info@coolport.com,http://www.siacargo.com/hub.asp
1304,Jun_Pan@singaporeair.com,http://www.siacargo.com/hub.asp
1305,info@alloytechnica.com,https://www.sgprocessindustries.com/companies/alloy-technica-pte-ltd
1306,integrity@informaconnect.com,https://www.informa.com/privacy-policy/
1307,privacy@informa.com,https://www.informa.com/privacy-policy/
1308,updatemydetails@informa.com,https://www.informa.com/privacy-policy/
1309,imdatateam@informa.com,https://www.informa.com/privacy-policy/
1310,updatemydetailsIT@informa.com,https://www.informa.com/privacy-policy/
1311,optout@taylorandfrancis.com,https://www.informa.com/privacy-policy/
1312,register@ibcasia.com,https://www.informaconnect.com.sg/event/digital-pharma-summit/
